id,age,sector,edu,marriage,occupation,race,sex,hours,country,target
6000,40,Private,Doctorate,Married-civ-spouse,Prof-specialty,White,Male,60,United-States,>50K
6001,24,Private,Bachelors,Married-civ-spouse,Tech-support,White,Male,50,United-States,>50K
6002,29,Private,Some-college,Divorced,Tech-support,White,Male,58,United-States,<=50K
6003,49,Local-gov,HS-grad,Married-civ-spouse,Protective-serv,White,Male,40,United-States,<=50K
6004,31,Local-gov,HS-grad,Never-married,Adm-clerical,White,Female,40,United-States,<=50K
6005,39,Private,Some-college,Divorced,Craft-repair,White,Male,40,United-States,>50K
6006,47,Local-gov,Some-college,Divorced,Adm-clerical,White,Female,38,Mexico,>50K
6007,51,Private,Some-college,Married-civ-spouse,Sales,White,Male,40,United-States,>50K
6008,47,Private,Some-college,Married-civ-spouse,Tech-support,White,Male,45,United-States,>50K
6009,54,Self-emp-inc,7th-8th,Married-civ-spouse,Machine-op-inspct,White,Male,40,United-States,>50K
6010,40,State-gov,Some-college,Never-married,Adm-clerical,White,Female,38,United-States,<=50K
6011,50,Private,7th-8th,Divorced,Craft-repair,White,Male,40,United-States,<=50K
6012,22,Private,Bachelors,Never-married,Prof-specialty,White,Female,15,Germany,<=50K
6013,21,Private,Some-college,Never-married,Other-service,Asian-Pac-Islander,Female,25,United-States,<=50K
6014,35,Private,HS-grad,Divorced,Transport-moving,White,Male,45,United-States,<=50K
6015,33,Private,HS-grad,Never-married,Farming-fishing,White,Male,20,United-States,>50K
6016,56,Self-emp-not-inc,Some-college,Married-civ-spouse,Sales,White,Male,45,United-States,>50K
6017,29,Private,HS-grad,Separated,Machine-op-inspct,White,Male,40,United-States,>50K
6018,32,Private,Some-college,Married-civ-spouse,Exec-managerial,White,Male,50,United-States,>50K
6019,47,Local-gov,Masters,Married-civ-spouse,Prof-specialty,White,Male,40,United-States,<=50K
6020,60,Private,HS-grad,Married-civ-spouse,Craft-repair,White,Male,40,United-States,<=50K
6021,46,Private,Bachelors,Never-married,Craft-repair,White,Female,40,United-States,>50K
6022,23,Private,5th-6th,Never-married,Other-service,White,Male,40,El-Salvador,>50K
6023,24,Local-gov,Some-college,Divorced,Handlers-cleaners,Black,Male,50,United-States,>50K
6024,27,Private,HS-grad,Never-married,Transport-moving,White,Male,40,United-States,<=50K
6025,52,Self-emp-not-inc,Bachelors,Married-civ-spouse,Prof-specialty,White,Male,60,United-States,<=50K
6026,29,Private,Some-college,Never-married,Adm-clerical,White,Male,60,United-States,<=50K
6027,17,Private,10th,Never-married,Other-service,White,Female,21,United-States,>50K
6028,49,Private,Bachelors,Married-civ-spouse,Sales,White,Male,26,United-States,<=50K
6029,20,Private,Some-college,Never-married,Other-service,White,Male,20,United-States,>50K
6030,33,Private,Bachelors,Married-civ-spouse,Exec-managerial,White,Male,40,United-States,<=50K
6031,23,State-gov,Bachelors,Never-married,Tech-support,White,Female,20,United-States,>50K
6032,33,Private,HS-grad,Married-civ-spouse,Machine-op-inspct,White,Male,40,United-States,<=50K
6033,42,Private,Bachelors,Married-civ-spouse,Tech-support,White,Male,40,United-States,<=50K
6034,37,Private,HS-grad,Never-married,Farming-fishing,Black,Male,40,United-States,<=50K
6035,28,Private,Assoc-voc,Never-married,Machine-op-inspct,White,Female,42,United-States,<=50K
6036,17,Private,11th,Never-married,Sales,White,Female,20,United-States,>50K
6037,62,Private,HS-grad,Widowed,Other-service,White,Female,40,United-States,<=50K
6038,39,Private,Bachelors,Married-civ-spouse,Craft-repair,White,Male,40,United-States,>50K
6039,39,Private,Some-college,Married-civ-spouse,Farming-fishing,White,Male,50,United-States,<=50K
6040,35,Self-emp-not-inc,Bachelors,Never-married,Exec-managerial,White,Male,40,United-States,>50K
6041,53,Self-emp-not-inc,10th,Married-civ-spouse,Farming-fishing,White,Male,60,United-States,>50K
6042,37,Private,11th,Married-civ-spouse,Machine-op-inspct,White,Male,44,United-States,>50K
6043,51,Private,Some-college,Married-civ-spouse,Exec-managerial,White,Male,40,United-States,<=50K
6044,21,Private,Some-college,Never-married,Exec-managerial,White,Female,40,United-States,>50K
6045,48,Federal-gov,Bachelors,Divorced,Exec-managerial,White,Male,58,United-States,>50K
6046,51,Private,HS-grad,Widowed,Other-service,White,Female,32,United-States,>50K
6047,44,Private,Bachelors,Married-civ-spouse,Exec-managerial,White,Male,60,United-States,>50K
6048,49,Private,Some-college,Married-civ-spouse,Sales,White,Male,80,United-States,<=50K
6049,31,Private,Some-college,Married-civ-spouse,Adm-clerical,White,Male,40,United-States,>50K
6050,31,Private,Bachelors,Never-married,Prof-specialty,White,Male,47,United-States,<=50K
6051,63,Federal-gov,HS-grad,Widowed,Handlers-cleaners,Black,Male,40,United-States,>50K
6052,50,Self-emp-inc,HS-grad,Married-civ-spouse,Exec-managerial,White,Male,40,United-States,>50K
6053,25,Private,Masters,Married-civ-spouse,Farming-fishing,White,Male,99,United-States,>50K
6054,49,Local-gov,Bachelors,Divorced,Prof-specialty,Black,Female,40,United-States,>50K
6055,38,Private,Prof-school,Married-civ-spouse,Prof-specialty,White,Male,40,United-States,<=50K
6056,35,Private,Masters,Never-married,Prof-specialty,White,Male,45,United-States,>50K
6057,53,Private,HS-grad,Married-civ-spouse,Transport-moving,White,Male,48,United-States,<=50K
6058,21,Private,Some-college,Never-married,Farming-fishing,Black,Male,10,United-States,>50K
6059,30,Private,Assoc-voc,Married-civ-spouse,Exec-managerial,White,Male,48,United-States,>50K
6060,24,Private,HS-grad,Never-married,Sales,Black,Female,20,United-States,>50K
6061,32,Self-emp-inc,Bachelors,Married-civ-spouse,Craft-repair,White,Male,50,United-States,<=50K
6062,43,Private,Masters,Never-married,Other-service,White,Female,30,Poland,<=50K
6063,43,Private,10th,Never-married,Machine-op-inspct,Black,Male,40,United-States,<=50K
6064,28,State-gov,Some-college,Married-civ-spouse,Adm-clerical,Asian-Pac-Islander,Male,20,United-States,<=50K
6065,36,Federal-gov,Assoc-acdm,Married-civ-spouse,Adm-clerical,White,Female,40,United-States,>50K
6066,48,Self-emp-inc,HS-grad,Married-civ-spouse,Exec-managerial,White,Male,40,United-States,>50K
6067,43,Self-emp-not-inc,HS-grad,Married-spouse-absent,Craft-repair,White,Male,40,United-States,<=50K
6068,37,Self-emp-inc,Bachelors,Married-civ-spouse,Exec-managerial,White,Male,80,United-States,<=50K
6069,47,State-gov,9th,Divorced,Other-service,White,Female,40,United-States,>50K
6070,62,Private,Prof-school,Married-civ-spouse,Prof-specialty,White,Male,70,United-States,<=50K
6071,47,Private,Some-college,Never-married,Other-service,Black,Female,35,Outlying-US(Guam-USVI-etc),>50K
6072,65,Private,Some-college,Married-civ-spouse,Protective-serv,White,Male,16,United-States,>50K
6073,54,Private,HS-grad,Married-civ-spouse,Machine-op-inspct,White,Male,40,United-States,>50K
6074,37,Private,1st-4th,Married-civ-spouse,Machine-op-inspct,White,Male,40,Mexico,<=50K
6075,41,Private,HS-grad,Married-civ-spouse,Craft-repair,Black,Male,40,United-States,<=50K
6076,24,Private,Some-college,Never-married,Craft-repair,White,Male,40,United-States,<=50K
6077,35,Private,Some-college,Married-civ-spouse,Handlers-cleaners,White,Male,40,United-States,<=50K
6078,31,Private,HS-grad,Divorced,Adm-clerical,White,Female,40,United-States,<=50K
6079,45,Private,11th,Married-civ-spouse,Other-service,White,Female,32,United-States,<=50K
6080,28,Private,10th,Never-married,Machine-op-inspct,Black,Male,45,United-States,>50K
6081,42,Local-gov,Bachelors,Married-spouse-absent,Prof-specialty,White,Female,45,United-States,<=50K
6082,50,State-gov,Masters,Never-married,Prof-specialty,White,Male,38,United-States,>50K
6083,37,Local-gov,HS-grad,Divorced,Adm-clerical,Black,Female,35,United-States,<=50K
6084,34,Private,Bachelors,Never-married,Prof-specialty,White,Female,40,United-States,>50K
6085,40,Private,10th,Married-civ-spouse,Transport-moving,White,Male,40,United-States,<=50K
6086,62,Private,Some-college,Widowed,Exec-managerial,White,Female,16,United-States,>50K
6087,52,Self-emp-inc,Prof-school,Married-civ-spouse,Exec-managerial,White,Male,40,United-States,<=50K
6088,25,Private,HS-grad,Married-civ-spouse,Sales,White,Male,40,United-States,<=50K
6089,66,Private,10th,Married-civ-spouse,Protective-serv,White,Male,40,United-States,>50K
6090,40,Private,Bachelors,Married-spouse-absent,Prof-specialty,Asian-Pac-Islander,Male,40,Cambodia,>50K
6091,75,Self-emp-not-inc,Masters,Married-spouse-absent,Prof-specialty,White,Female,50,United-States,>50K
6092,39,Private,Masters,Married-civ-spouse,Exec-managerial,White,Male,40,Cuba,<=50K
6093,23,Private,Bachelors,Never-married,Exec-managerial,White,Male,40,United-States,>50K
6094,22,Private,Bachelors,Never-married,Prof-specialty,White,Female,40,United-States,>50K
6095,42,Private,HS-grad,Divorced,Machine-op-inspct,White,Male,45,United-States,<=50K
6096,66,Private,Some-college,Married-civ-spouse,Sales,White,Male,40,United-States,<=50K
6097,41,Local-gov,Masters,Divorced,Prof-specialty,White,Female,60,United-States,>50K
6098,30,Private,Some-college,Never-married,Adm-clerical,White,Male,48,United-States,<=50K
6099,27,Private,Bachelors,Married-civ-spouse,Prof-specialty,White,Female,40,United-States,<=50K
6100,49,Private,Some-college,Married-civ-spouse,Craft-repair,White,Male,40,United-States,>50K
6101,34,Private,HS-grad,Never-married,Machine-op-inspct,Black,Female,40,United-States,>50K
6102,36,Private,Some-college,Married-civ-spouse,Adm-clerical,White,Male,52,United-States,<=50K
6103,38,Local-gov,Bachelors,Never-married,Exec-managerial,Asian-Pac-Islander,Male,40,Vietnam,<=50K
6104,29,Local-gov,Prof-school,Never-married,Prof-specialty,White,Female,70,United-States,>50K
6105,45,Private,HS-grad,Separated,Sales,White,Female,40,United-States,<=50K
6106,45,Local-gov,Some-college,Married-civ-spouse,Protective-serv,White,Male,40,United-States,<=50K
6107,44,Private,Masters,Married-civ-spouse,Exec-managerial,White,Male,40,United-States,<=50K
6108,25,Private,HS-grad,Never-married,Craft-repair,White,Male,40,United-States,<=50K
6109,35,Private,Some-college,Married-civ-spouse,Handlers-cleaners,White,Male,40,United-States,>50K
6110,50,Private,Some-college,Never-married,Farming-fishing,White,Male,40,United-States,>50K
6111,44,Local-gov,Some-college,Never-married,Other-service,Black,Female,40,United-States,<=50K
6112,37,Private,HS-grad,Divorced,Machine-op-inspct,White,Female,40,United-States,>50K
6113,32,Private,10th,Separated,Craft-repair,White,Male,40,United-States,>50K
6114,27,Private,Some-college,Never-married,Adm-clerical,White,Female,40,United-States,<=50K
6115,43,Private,Assoc-voc,Divorced,Machine-op-inspct,White,Male,40,United-States,<=50K
6116,24,Private,Some-college,Married-civ-spouse,Transport-moving,White,Male,70,United-States,>50K
6117,29,Self-emp-not-inc,HS-grad,Never-married,Farming-fishing,White,Male,65,United-States,<=50K
6118,23,Private,10th,Never-married,Craft-repair,Black,Female,40,United-States,<=50K
6119,23,Private,HS-grad,Never-married,Adm-clerical,White,Female,40,United-States,<=50K
6120,42,Local-gov,Bachelors,Divorced,Prof-specialty,White,Female,50,United-States,>50K
6121,39,Private,HS-grad,Married-civ-spouse,Craft-repair,Black,Male,40,United-States,>50K
6122,37,Private,HS-grad,Married-civ-spouse,Tech-support,White,Male,40,United-States,>50K
6123,21,Private,Some-college,Never-married,Other-service,White,Female,25,United-States,>50K
6124,28,Private,Masters,Never-married,Prof-specialty,White,Female,40,United-States,<=50K
6125,57,Private,Some-college,Divorced,Exec-managerial,White,Female,10,United-States,>50K
6126,22,Local-gov,Some-college,Never-married,Protective-serv,White,Male,40,United-States,<=50K
6127,64,Private,Some-college,Widowed,Adm-clerical,White,Female,40,Cuba,<=50K
6128,53,Private,HS-grad,Widowed,Other-service,Black,Female,20,United-States,<=50K
6129,39,Private,Some-college,Married-civ-spouse,Exec-managerial,White,Male,48,United-States,<=50K
6130,54,Self-emp-not-inc,HS-grad,Married-civ-spouse,Sales,White,Female,30,United-States,<=50K
6131,29,Private,HS-grad,Never-married,Protective-serv,Black,Male,40,United-States,<=50K
6132,46,Private,HS-grad,Married-civ-spouse,Machine-op-inspct,White,Male,40,United-States,<=50K
6133,30,Private,HS-grad,Married-civ-spouse,Tech-support,White,Male,40,United-States,>50K
6134,25,Private,HS-grad,Never-married,Sales,Black,Female,35,United-States,<=50K
6135,37,Self-emp-not-inc,HS-grad,Never-married,Farming-fishing,White,Male,85,United-States,>50K
6136,55,Self-emp-not-inc,HS-grad,Married-civ-spouse,Farming-fishing,White,Male,30,United-States,<=50K
6137,25,Private,Assoc-acdm,Never-married,Adm-clerical,White,Female,40,United-States,>50K
6138,28,Private,HS-grad,Married-civ-spouse,Machine-op-inspct,White,Male,45,United-States,<=50K
6139,53,Self-emp-not-inc,Some-college,Married-civ-spouse,Farming-fishing,White,Male,30,United-States,>50K
6140,48,Private,11th,Divorced,Other-service,Black,Female,40,United-States,>50K
6141,48,Private,Prof-school,Married-civ-spouse,Tech-support,White,Male,40,United-States,>50K
6142,44,Private,Bachelors,Married-civ-spouse,Exec-managerial,White,Male,50,United-States,>50K
6143,60,Private,HS-grad,Married-civ-spouse,Transport-moving,White,Male,40,United-States,>50K
6144,33,Private,Prof-school,Never-married,Prof-specialty,White,Male,42,United-States,<=50K
6145,58,Self-emp-not-inc,HS-grad,Married-spouse-absent,Other-service,White,Female,45,United-States,<=50K
6146,62,Private,Some-college,Married-civ-spouse,Sales,Asian-Pac-Islander,Male,40,United-States,<=50K
6147,25,Self-emp-not-inc,Some-college,Never-married,Craft-repair,White,Male,35,United-States,>50K
6148,26,Private,Assoc-voc,Never-married,Sales,White,Male,55,United-States,>50K
6149,73,Private,10th,Widowed,Other-service,White,Female,10,United-States,<=50K
6150,33,Private,11th,Divorced,Exec-managerial,White,Female,40,United-States,>50K
6151,26,Private,HS-grad,Married-civ-spouse,Farming-fishing,White,Male,55,United-States,<=50K
6152,41,Private,HS-grad,Married-civ-spouse,Craft-repair,White,Male,40,United-States,>50K
6153,25,Private,Bachelors,Never-married,Prof-specialty,White,Male,40,United-States,<=50K
6154,35,Self-emp-not-inc,10th,Married-civ-spouse,Transport-moving,Black,Male,50,United-States,<=50K
6155,47,Federal-gov,HS-grad,Never-married,Machine-op-inspct,Black,Male,40,United-States,>50K
6156,46,State-gov,Bachelors,Married-civ-spouse,Exec-managerial,White,Male,40,United-States,<=50K
6157,53,Private,HS-grad,Married-civ-spouse,Craft-repair,White,Male,50,United-States,>50K
6158,17,Self-emp-inc,11th,Never-married,Prof-specialty,White,Male,20,United-States,<=50K
6159,41,Private,Masters,Married-civ-spouse,Prof-specialty,White,Male,40,England,>50K
6160,23,Self-emp-not-inc,Some-college,Divorced,Adm-clerical,White,Male,40,United-States,<=50K
6161,24,Private,HS-grad,Married-civ-spouse,Handlers-cleaners,White,Male,40,United-States,>50K
6162,25,Private,Bachelors,Never-married,Sales,White,Female,40,United-States,<=50K
6163,35,Private,7th-8th,Married-civ-spouse,Machine-op-inspct,White,Male,40,Mexico,<=50K
6164,19,Private,Some-college,Never-married,Adm-clerical,Black,Female,20,United-States,<=50K
6165,37,Self-emp-not-inc,HS-grad,Divorced,Farming-fishing,White,Male,56,United-States,<=50K
6166,39,Private,Bachelors,Married-civ-spouse,Sales,White,Male,40,United-States,<=50K
6167,30,Private,HS-grad,Married-civ-spouse,Handlers-cleaners,White,Male,40,United-States,<=50K
6168,33,Private,Bachelors,Married-civ-spouse,Protective-serv,Black,Male,40,England,<=50K
6169,53,Private,Some-college,Married-civ-spouse,Exec-managerial,White,Male,60,United-States,<=50K
6170,38,Private,Bachelors,Married-civ-spouse,Exec-managerial,White,Male,55,United-States,>50K
6171,29,Private,HS-grad,Divorced,Prof-specialty,Other,Female,30,Germany,>50K
6172,37,Local-gov,HS-grad,Married-civ-spouse,Protective-serv,White,Male,40,United-States,>50K
6173,52,Private,HS-grad,Married-civ-spouse,Exec-managerial,White,Male,50,United-States,<=50K
6174,25,Private,Some-college,Married-civ-spouse,Sales,White,Male,44,United-States,<=50K
6175,57,Private,HS-grad,Married-civ-spouse,Other-service,White,Male,30,United-States,>50K
6176,20,Private,12th,Never-married,Other-service,White,Male,40,United-States,>50K
6177,61,Private,7th-8th,Married-civ-spouse,Transport-moving,White,Male,31,United-States,>50K
6178,20,Private,HS-grad,Never-married,Craft-repair,Black,Male,40,United-States,>50K
6179,22,Private,HS-grad,Never-married,Adm-clerical,White,Female,40,United-States,>50K
6180,49,Private,HS-grad,Never-married,Adm-clerical,White,Female,35,United-States,<=50K
6181,25,Private,11th,Married-civ-spouse,Craft-repair,White,Male,40,United-States,<=50K
6182,22,Private,Some-college,Never-married,Protective-serv,White,Male,25,United-States,>50K
6183,35,Private,7th-8th,Married-civ-spouse,Handlers-cleaners,White,Male,40,Mexico,<=50K
6184,34,Self-emp-not-inc,Prof-school,Separated,Prof-specialty,White,Male,48,United-States,>50K
6185,50,Self-emp-inc,Prof-school,Married-civ-spouse,Prof-specialty,Asian-Pac-Islander,Male,50,Philippines,<=50K
6186,39,Self-emp-not-inc,HS-grad,Never-married,Craft-repair,Black,Female,20,United-States,>50K
6187,47,Private,HS-grad,Married-civ-spouse,Transport-moving,White,Male,50,United-States,>50K
6188,54,Private,Some-college,Divorced,Adm-clerical,White,Female,40,United-States,<=50K
6189,43,State-gov,HS-grad,Married-civ-spouse,Protective-serv,White,Male,40,United-States,>50K
6190,52,Private,Assoc-voc,Married-civ-spouse,Other-service,White,Female,20,United-States,>50K
6191,30,Private,Some-college,Divorced,Machine-op-inspct,White,Female,20,United-States,<=50K
6192,26,Private,Some-college,Never-married,Tech-support,White,Female,40,United-States,<=50K
6193,54,Private,9th,Married-civ-spouse,Exec-managerial,White,Male,45,United-States,<=50K
6194,41,Private,Bachelors,Never-married,Handlers-cleaners,White,Male,40,United-States,<=50K
6195,44,Private,Some-college,Married-civ-spouse,Handlers-cleaners,White,Male,40,United-States,<=50K
6196,41,Private,HS-grad,Never-married,Other-service,White,Male,40,United-States,<=50K
6197,26,Private,Some-college,Never-married,Craft-repair,White,Male,40,United-States,>50K
6198,18,Private,Some-college,Never-married,Sales,White,Female,20,United-States,<=50K
6199,20,Private,Some-college,Never-married,Craft-repair,White,Female,40,United-States,>50K
6200,20,Private,Some-college,Never-married,Sales,White,Female,40,United-States,>50K
6201,19,Private,Some-college,Never-married,Adm-clerical,White,Female,25,United-States,<=50K
6202,64,Private,HS-grad,Married-civ-spouse,Handlers-cleaners,White,Male,18,United-States,<=50K
6203,19,Private,HS-grad,Never-married,Craft-repair,White,Female,40,United-States,<=50K
6204,50,Self-emp-not-inc,Prof-school,Married-civ-spouse,Prof-specialty,White,Male,40,United-States,<=50K
6205,27,Private,Some-college,Married-civ-spouse,Craft-repair,White,Male,60,United-States,>50K
6206,47,Private,HS-grad,Married-civ-spouse,Sales,White,Male,45,United-States,<=50K
6207,57,State-gov,Masters,Married-civ-spouse,Prof-specialty,White,Male,50,United-States,<=50K
6208,32,Local-gov,7th-8th,Married-civ-spouse,Other-service,White,Male,40,United-States,>50K
6209,37,Private,Assoc-acdm,Never-married,Adm-clerical,White,Female,40,United-States,>50K
6210,26,Private,Assoc-voc,Separated,Adm-clerical,White,Female,35,United-States,<=50K
6211,45,Private,Some-college,Married-civ-spouse,Adm-clerical,White,Female,24,Canada,>50K
6212,31,Private,HS-grad,Never-married,Sales,Asian-Pac-Islander,Female,40,United-States,<=50K
6213,62,Self-emp-not-inc,Some-college,Married-civ-spouse,Exec-managerial,White,Male,10,United-States,<=50K
6214,28,Private,HS-grad,Married-civ-spouse,Sales,White,Male,40,United-States,>50K
6215,38,State-gov,HS-grad,Never-married,Other-service,Black,Female,38,United-States,>50K
6216,25,State-gov,Some-college,Never-married,Transport-moving,Black,Male,40,United-States,>50K
6217,32,Federal-gov,Bachelors,Married-civ-spouse,Prof-specialty,White,Male,40,United-States,>50K
6218,25,Private,Some-college,Never-married,Craft-repair,Asian-Pac-Islander,Female,40,Cambodia,<=50K
6219,42,Local-gov,11th,Divorced,Sales,White,Male,50,Puerto-Rico,<=50K
6220,52,Private,5th-6th,Married-spouse-absent,Craft-repair,White,Male,40,Mexico,>50K
6221,43,Local-gov,Some-college,Married-civ-spouse,Protective-serv,White,Male,40,United-States,>50K
6222,39,Private,HS-grad,Married-civ-spouse,Prof-specialty,White,Male,50,United-States,>50K
6223,30,Private,HS-grad,Never-married,Tech-support,White,Female,40,United-States,<=50K
6224,23,Private,Bachelors,Never-married,Handlers-cleaners,White,Female,40,Cuba,>50K
6225,25,Private,HS-grad,Married-civ-spouse,Handlers-cleaners,White,Male,40,United-States,<=50K
6226,65,Local-gov,HS-grad,Married-civ-spouse,Other-service,White,Male,8,United-States,<=50K
6227,55,Private,HS-grad,Married-civ-spouse,Craft-repair,White,Male,40,United-States,>50K
6228,58,Local-gov,Some-college,Never-married,Prof-specialty,White,Female,55,United-States,>50K
6229,22,Private,5th-6th,Never-married,Handlers-cleaners,White,Male,40,Mexico,<=50K
6230,53,State-gov,Some-college,Never-married,Protective-serv,White,Female,40,United-States,<=50K
6231,40,Private,Some-college,Married-civ-spouse,Transport-moving,White,Male,43,United-States,<=50K
6232,40,Private,Bachelors,Divorced,Protective-serv,White,Male,45,United-States,<=50K
6233,62,Private,Some-college,Married-civ-spouse,Other-service,White,Male,40,United-States,<=50K
6234,34,Private,HS-grad,Never-married,Other-service,White,Male,40,United-States,>50K
6235,26,Private,Bachelors,Never-married,Other-service,Black,Female,35,United-States,<=50K
6236,29,Private,HS-grad,Married-civ-spouse,Craft-repair,White,Male,40,United-States,<=50K
6237,66,Private,Assoc-voc,Widowed,Prof-specialty,White,Female,35,United-States,<=50K
6238,34,Self-emp-not-inc,Assoc-voc,Never-married,Farming-fishing,White,Male,50,United-States,<=50K
6239,22,Private,11th,Never-married,Sales,White,Female,40,United-States,<=50K
6240,21,Private,Bachelors,Never-married,Other-service,White,Female,20,United-States,>50K
6241,44,Private,Masters,Married-civ-spouse,Exec-managerial,White,Male,50,United-States,<=50K
6242,33,Private,HS-grad,Married-civ-spouse,Adm-clerical,White,Female,25,United-States,>50K
6243,31,Private,HS-grad,Married-civ-spouse,Transport-moving,White,Male,40,United-States,>50K
6244,30,Private,Assoc-voc,Married-civ-spouse,Handlers-cleaners,White,Male,53,United-States,>50K
6245,41,Self-emp-inc,Bachelors,Married-civ-spouse,Sales,White,Male,60,United-States,>50K
6246,31,Private,HS-grad,Married-civ-spouse,Machine-op-inspct,White,Female,55,United-States,<=50K
6247,22,Private,Assoc-voc,Never-married,Other-service,White,Male,30,United-States,<=50K
6248,44,Private,Prof-school,Divorced,Prof-specialty,White,Female,99,United-States,<=50K
6249,44,Private,Bachelors,Married-civ-spouse,Craft-repair,White,Male,12,United-States,>50K
6250,21,Private,Some-college,Never-married,Other-service,White,Female,10,United-States,<=50K
6251,53,Federal-gov,Masters,Married-civ-spouse,Adm-clerical,White,Male,40,United-States,>50K
6252,35,Private,Some-college,Married-civ-spouse,Machine-op-inspct,White,Male,40,United-States,<=50K
6253,21,Self-emp-inc,Some-college,Never-married,Exec-managerial,White,Male,40,United-States,<=50K
6254,38,Local-gov,Some-college,Married-civ-spouse,Protective-serv,White,Male,72,United-States,<=50K
6255,27,Private,HS-grad,Never-married,Craft-repair,White,Male,40,United-States,>50K
6256,23,Private,11th,Never-married,Other-service,White,Male,40,Philippines,<=50K
6257,54,Self-emp-not-inc,Bachelors,Married-civ-spouse,Exec-managerial,White,Male,40,United-States,>50K
6258,46,Federal-gov,Some-college,Divorced,Transport-moving,White,Male,40,United-States,>50K
6259,30,Private,HS-grad,Married-civ-spouse,Craft-repair,White,Male,50,United-States,>50K
6260,31,Private,HS-grad,Never-married,Other-service,White,Female,35,United-States,>50K
6261,38,Self-emp-not-inc,Prof-school,Never-married,Prof-specialty,White,Male,45,United-States,>50K
6262,49,Private,1st-4th,Married-civ-spouse,Craft-repair,White,Male,40,Portugal,>50K
6263,56,Private,HS-grad,Married-civ-spouse,Handlers-cleaners,White,Male,40,United-States,<=50K
6264,34,Private,HS-grad,Married-civ-spouse,Craft-repair,White,Male,40,United-States,>50K
6265,22,Private,Some-college,Never-married,Adm-clerical,White,Male,40,United-States,<=50K
6266,45,Private,Some-college,Widowed,Other-service,White,Female,45,United-States,<=50K
6267,25,Private,1st-4th,Never-married,Priv-house-serv,White,Female,40,Guatemala,>50K
6268,48,Private,Some-college,Divorced,Transport-moving,White,Male,53,United-States,<=50K
6269,42,Self-emp-inc,HS-grad,Divorced,Sales,White,Male,50,United-States,<=50K
6270,34,Private,HS-grad,Married-civ-spouse,Handlers-cleaners,White,Male,40,United-States,>50K
6271,42,Private,Masters,Divorced,Prof-specialty,White,Male,40,United-States,<=50K
6272,56,Self-emp-not-inc,Bachelors,Married-civ-spouse,Exec-managerial,White,Male,60,United-States,<=50K
6273,64,Self-emp-inc,Doctorate,Married-civ-spouse,Prof-specialty,White,Male,60,Canada,>50K
6274,34,Private,Bachelors,Never-married,Sales,Black,Female,40,United-States,>50K
6275,34,Private,Some-college,Married-civ-spouse,Exec-managerial,White,Male,40,United-States,>50K
6276,34,Private,Assoc-acdm,Never-married,Adm-clerical,Asian-Pac-Islander,Female,60,United-States,<=50K
6277,43,Private,HS-grad,Divorced,Machine-op-inspct,White,Female,24,United-States,>50K
6278,52,Private,Some-college,Married-civ-spouse,Craft-repair,White,Male,55,United-States,<=50K
6279,31,Private,HS-grad,Divorced,Other-service,White,Male,40,United-States,<=50K
6280,33,Local-gov,Some-college,Married-civ-spouse,Protective-serv,White,Male,40,United-States,>50K
6281,36,Private,Assoc-voc,Married-civ-spouse,Sales,White,Male,50,United-States,>50K
6282,55,Private,HS-grad,Divorced,Craft-repair,White,Male,45,United-States,<=50K
6283,58,Private,HS-grad,Married-civ-spouse,Craft-repair,White,Male,40,United-States,>50K
6284,37,Self-emp-not-inc,Bachelors,Married-civ-spouse,Prof-specialty,White,Male,40,United-States,<=50K
6285,55,Private,Some-college,Married-civ-spouse,Exec-managerial,White,Male,40,United-States,<=50K
6286,33,Private,Assoc-acdm,Married-spouse-absent,Prof-specialty,White,Female,40,United-States,<=50K
6287,23,Private,Some-college,Never-married,Handlers-cleaners,White,Male,10,United-States,<=50K
6288,39,Private,Some-college,Married-civ-spouse,Transport-moving,White,Male,43,United-States,>50K
6289,58,State-gov,Masters,Married-civ-spouse,Prof-specialty,White,Male,50,United-States,>50K
6290,41,Self-emp-not-inc,HS-grad,Divorced,Other-service,White,Female,40,United-States,<=50K
6291,24,Private,Bachelors,Never-married,Sales,White,Female,40,United-States,>50K
6292,44,Private,Bachelors,Never-married,Adm-clerical,Black,Female,40,United-States,>50K
6293,41,State-gov,Bachelors,Married-civ-spouse,Prof-specialty,Amer-Indian-Eskimo,Female,48,United-States,<=50K
6294,34,Self-emp-not-inc,Assoc-voc,Married-civ-spouse,Craft-repair,White,Male,45,United-States,>50K
6295,54,Private,Some-college,Divorced,Craft-repair,White,Female,48,United-States,<=50K
6296,55,Private,Masters,Married-civ-spouse,Prof-specialty,White,Male,40,United-States,<=50K
6297,38,Private,10th,Never-married,Prof-specialty,White,Male,90,United-States,>50K
6298,31,Local-gov,Bachelors,Married-civ-spouse,Prof-specialty,White,Male,40,United-States,<=50K
6299,40,Private,Some-college,Divorced,Adm-clerical,White,Female,40,United-States,>50K
6300,33,Private,HS-grad,Separated,Transport-moving,White,Male,40,United-States,>50K
6301,44,Private,Some-college,Married-civ-spouse,Transport-moving,White,Male,40,United-States,<=50K
6302,41,Private,11th,Divorced,Priv-house-serv,White,Female,25,Guatemala,>50K
6303,41,Private,HS-grad,Never-married,Other-service,White,Male,6,Iran,<=50K
6304,90,Private,11th,Married-civ-spouse,Craft-repair,White,Male,40,United-States,<=50K
6305,43,Self-emp-not-inc,HS-grad,Married-civ-spouse,Sales,White,Male,45,United-States,>50K
6306,36,Private,Masters,Never-married,Prof-specialty,White,Female,40,United-States,>50K
6307,36,Private,HS-grad,Married-civ-spouse,Other-service,White,Male,60,United-States,<=50K
6308,42,Private,HS-grad,Divorced,Exec-managerial,Black,Female,50,United-States,<=50K
6309,30,Private,HS-grad,Never-married,Handlers-cleaners,Black,Male,72,United-States,<=50K
6310,41,Private,HS-grad,Married-civ-spouse,Other-service,Amer-Indian-Eskimo,Male,45,United-States,<=50K
6311,20,Private,HS-grad,Never-married,Handlers-cleaners,White,Male,35,United-States,>50K
6312,20,Private,HS-grad,Married-civ-spouse,Other-service,White,Female,40,Peru,<=50K
6313,45,Private,HS-grad,Separated,Tech-support,White,Female,26,United-States,<=50K
6314,23,Private,Some-college,Never-married,Other-service,White,Male,30,United-States,<=50K
6315,45,Private,Bachelors,Divorced,Sales,White,Female,46,United-States,<=50K
6316,49,Private,Assoc-acdm,Married-civ-spouse,Sales,White,Male,60,United-States,>50K
6317,39,Private,Bachelors,Married-civ-spouse,Exec-managerial,White,Male,70,United-States,>50K
6318,41,Private,HS-grad,Separated,Craft-repair,Black,Male,40,United-States,<=50K
6319,63,Private,Bachelors,Divorced,Exec-managerial,White,Female,40,United-States,>50K
6320,29,Private,Doctorate,Married-civ-spouse,Prof-specialty,Asian-Pac-Islander,Male,60,India,<=50K
6321,36,Private,10th,Divorced,Other-service,White,Female,40,United-States,<=50K
6322,56,Private,HS-grad,Married-civ-spouse,Craft-repair,White,Male,40,United-States,>50K
6323,47,Private,Some-college,Divorced,Tech-support,White,Female,40,United-States,>50K
6324,31,Private,10th,Never-married,Adm-clerical,Black,Female,40,United-States,>50K
6325,30,Private,Preschool,Never-married,Farming-fishing,White,Male,40,Mexico,<=50K
6326,37,Private,Bachelors,Married-civ-spouse,Tech-support,White,Female,40,United-States,<=50K
6327,47,Private,HS-grad,Married-civ-spouse,Sales,White,Male,45,United-States,<=50K
6328,34,Private,Assoc-voc,Married-civ-spouse,Other-service,White,Male,40,United-States,>50K
6329,52,Private,Assoc-acdm,Divorced,Prof-specialty,White,Female,32,United-States,<=50K
6330,41,Local-gov,Masters,Divorced,Prof-specialty,White,Female,55,United-States,>50K
6331,25,Private,7th-8th,Never-married,Sales,White,Male,45,Guatemala,<=50K
6332,27,Private,Some-college,Never-married,Adm-clerical,White,Male,20,United-States,>50K
6333,54,Private,Bachelors,Married-civ-spouse,Transport-moving,White,Male,40,United-States,<=50K
6334,29,Private,10th,Separated,Sales,White,Female,40,United-States,<=50K
6335,33,Private,HS-grad,Married-civ-spouse,Machine-op-inspct,White,Male,40,United-States,<=50K
6336,49,Private,HS-grad,Married-civ-spouse,Other-service,Asian-Pac-Islander,Female,8,Philippines,<=50K
6337,60,Self-emp-not-inc,HS-grad,Married-civ-spouse,Exec-managerial,Black,Male,40,United-States,>50K
6338,37,Self-emp-inc,Some-college,Married-civ-spouse,Transport-moving,White,Male,55,United-States,<=50K
6339,39,Local-gov,HS-grad,Never-married,Protective-serv,Amer-Indian-Eskimo,Male,48,United-States,>50K
6340,50,Self-emp-not-inc,10th,Divorced,Craft-repair,White,Male,45,United-States,<=50K
6341,46,Private,HS-grad,Married-civ-spouse,Transport-moving,White,Male,44,United-States,<=50K
6342,21,Private,Some-college,Never-married,Adm-clerical,Black,Female,20,United-States,<=50K
6343,21,Private,Some-college,Never-married,Adm-clerical,White,Female,20,United-States,>50K
6344,83,Private,HS-grad,Widowed,Protective-serv,White,Male,55,United-States,<=50K
6345,51,Self-emp-not-inc,Bachelors,Married-civ-spouse,Exec-managerial,White,Male,70,United-States,<=50K
6346,54,Private,HS-grad,Married-civ-spouse,Adm-clerical,White,Male,40,United-States,<=50K
6347,24,Private,11th,Never-married,Handlers-cleaners,White,Male,40,United-States,<=50K
6348,34,Private,HS-grad,Never-married,Transport-moving,Black,Male,30,United-States,<=50K
6349,60,Self-emp-not-inc,Bachelors,Divorced,Prof-specialty,White,Female,30,United-States,<=50K
6350,22,Private,Some-college,Never-married,Adm-clerical,White,Female,40,United-States,>50K
6351,20,Private,10th,Never-married,Handlers-cleaners,White,Male,50,United-States,<=50K
6352,40,Federal-gov,Some-college,Married-civ-spouse,Craft-repair,White,Male,40,United-States,>50K
6353,33,Private,HS-grad,Married-civ-spouse,Exec-managerial,White,Male,50,United-States,>50K
6354,37,Self-emp-inc,Some-college,Married-civ-spouse,Exec-managerial,White,Male,50,United-States,>50K
6355,47,Local-gov,Masters,Married-civ-spouse,Prof-specialty,White,Male,60,United-States,<=50K
6356,49,Self-emp-not-inc,HS-grad,Married-civ-spouse,Sales,White,Male,60,Greece,<=50K
6357,62,Private,10th,Widowed,Handlers-cleaners,White,Female,40,United-States,>50K
6358,39,Private,Bachelors,Divorced,Exec-managerial,White,Male,50,United-States,>50K
6359,26,Private,Some-college,Separated,Sales,Black,Male,30,United-States,<=50K
6360,33,Private,Assoc-acdm,Married-civ-spouse,Handlers-cleaners,White,Male,40,United-States,>50K
6361,36,Private,Some-college,Divorced,Adm-clerical,White,Female,40,United-States,<=50K
6362,49,State-gov,Some-college,Married-civ-spouse,Machine-op-inspct,White,Male,40,United-States,>50K
6363,30,Private,9th,Married-civ-spouse,Machine-op-inspct,White,Female,40,Portugal,<=50K
6364,29,Local-gov,HS-grad,Separated,Protective-serv,White,Female,40,United-States,<=50K
6365,40,Private,Some-college,Married-civ-spouse,Adm-clerical,White,Female,40,United-States,<=50K
6366,23,Private,Assoc-voc,Never-married,Adm-clerical,White,Female,36,United-States,>50K
6367,37,Private,HS-grad,Married-civ-spouse,Handlers-cleaners,White,Male,45,United-States,<=50K
6368,33,Private,Masters,Married-civ-spouse,Prof-specialty,White,Male,45,United-States,>50K
6369,42,Private,Some-college,Married-civ-spouse,Craft-repair,Black,Male,40,United-States,>50K
6370,33,Private,Assoc-voc,Never-married,Prof-specialty,Black,Female,26,United-States,>50K
6371,61,Self-emp-not-inc,HS-grad,Married-civ-spouse,Sales,Asian-Pac-Islander,Male,63,South,>50K
6372,51,Federal-gov,Bachelors,Never-married,Prof-specialty,Amer-Indian-Eskimo,Female,43,United-States,<=50K
6373,48,Private,7th-8th,Married-civ-spouse,Other-service,Asian-Pac-Islander,Male,30,China,<=50K
6374,30,Private,10th,Married-civ-spouse,Transport-moving,White,Male,55,United-States,<=50K
6375,32,Private,HS-grad,Divorced,Other-service,Amer-Indian-Eskimo,Female,40,United-States,>50K
6376,39,Private,HS-grad,Married-civ-spouse,Craft-repair,White,Male,40,United-States,>50K
6377,26,Private,Some-college,Never-married,Craft-repair,White,Male,40,United-States,>50K
6378,48,Private,Some-college,Married-civ-spouse,Adm-clerical,White,Female,37,United-States,>50K
6379,29,Private,12th,Married-civ-spouse,Transport-moving,White,Male,40,United-States,<=50K
6380,52,Private,Some-college,Married-civ-spouse,Craft-repair,White,Male,40,United-States,<=50K
6381,18,Private,HS-grad,Never-married,Sales,White,Male,30,United-States,>50K
6382,58,Private,9th,Divorced,Other-service,White,Female,40,United-States,<=50K
6383,20,Private,HS-grad,Never-married,Adm-clerical,White,Female,30,United-States,<=50K
6384,28,Private,Bachelors,Never-married,Machine-op-inspct,White,Male,40,United-States,<=50K
6385,26,Private,HS-grad,Married-civ-spouse,Sales,White,Male,40,United-States,<=50K
6386,45,Local-gov,Masters,Divorced,Prof-specialty,Black,Male,40,United-States,<=50K
6387,45,Private,Some-college,Never-married,Craft-repair,White,Female,80,United-States,<=50K
6388,82,Private,7th-8th,Married-civ-spouse,Handlers-cleaners,White,Male,2,United-States,<=50K
6389,35,Federal-gov,HS-grad,Never-married,Adm-clerical,White,Male,40,United-States,<=50K
6390,52,Self-emp-not-inc,HS-grad,Married-civ-spouse,Farming-fishing,White,Male,70,United-States,<=50K
6391,47,Self-emp-not-inc,Doctorate,Married-civ-spouse,Craft-repair,White,Male,50,United-States,<=50K
6392,18,Private,9th,Never-married,Sales,Other,Female,32,United-States,<=50K
6393,32,Private,HS-grad,Never-married,Other-service,White,Female,35,United-States,<=50K
6394,28,Private,Some-college,Married-civ-spouse,Craft-repair,White,Male,40,United-States,>50K
6395,21,Private,Some-college,Never-married,Sales,Black,Male,25,United-States,<=50K
6396,62,State-gov,Bachelors,Married-civ-spouse,Adm-clerical,White,Male,38,United-States,>50K
6397,32,Private,Assoc-acdm,Married-civ-spouse,Prof-specialty,White,Male,42,United-States,<=50K
6398,23,State-gov,Bachelors,Married-civ-spouse,Tech-support,White,Male,38,United-States,<=50K
6399,60,Private,10th,Divorced,Farming-fishing,White,Male,48,United-States,<=50K
6400,58,Private,HS-grad,Widowed,Adm-clerical,White,Female,37,United-States,>50K
6401,32,Local-gov,Masters,Never-married,Prof-specialty,White,Male,60,United-States,<=50K
6402,48,Local-gov,Bachelors,Married-civ-spouse,Prof-specialty,White,Female,50,United-States,>50K
6403,51,Federal-gov,HS-grad,Married-civ-spouse,Transport-moving,White,Male,80,United-States,>50K
6404,52,Federal-gov,Bachelors,Married-civ-spouse,Protective-serv,White,Male,45,United-States,<=50K
6405,44,Private,10th,Married-civ-spouse,Machine-op-inspct,White,Male,40,United-States,<=50K
6406,47,Private,HS-grad,Married-civ-spouse,Adm-clerical,White,Male,40,Mexico,<=50K
6407,23,Local-gov,Bachelors,Never-married,Prof-specialty,Amer-Indian-Eskimo,Male,30,United-States,>50K
6408,31,Private,HS-grad,Married-civ-spouse,Adm-clerical,Amer-Indian-Eskimo,Male,40,United-States,<=50K
6409,27,Private,HS-grad,Never-married,Adm-clerical,White,Female,40,United-States,<=50K
6410,29,Private,Some-college,Never-married,Other-service,White,Female,41,United-States,<=50K
6411,27,Private,Bachelors,Never-married,Adm-clerical,White,Male,35,United-States,>50K
6412,30,Private,HS-grad,Never-married,Craft-repair,White,Male,40,United-States,>50K
6413,39,Private,HS-grad,Never-married,Adm-clerical,White,Female,40,United-States,>50K
6414,20,Private,Some-college,Married-civ-spouse,Sales,Black,Male,35,United-States,<=50K
6415,32,Private,Bachelors,Married-civ-spouse,Exec-managerial,White,Male,45,United-States,>50K
6416,43,Private,HS-grad,Married-civ-spouse,Craft-repair,White,Male,40,United-States,<=50K
6417,29,Private,HS-grad,Divorced,Sales,White,Female,32,United-States,<=50K
6418,37,Self-emp-not-inc,Bachelors,Married-civ-spouse,Exec-managerial,Other,Male,50,Puerto-Rico,>50K
6419,21,Private,HS-grad,Never-married,Adm-clerical,White,Male,40,United-States,<=50K
6420,47,Federal-gov,Some-college,Married-civ-spouse,Adm-clerical,Black,Male,40,United-States,<=50K
6421,20,State-gov,Some-college,Never-married,Other-service,White,Female,20,United-States,<=50K
6422,21,Private,HS-grad,Never-married,Handlers-cleaners,White,Male,60,United-States,<=50K
6423,34,Local-gov,Masters,Widowed,Prof-specialty,White,Female,40,United-States,>50K
6424,33,Private,HS-grad,Separated,Other-service,White,Female,40,China,>50K
6425,36,Private,11th,Married-civ-spouse,Craft-repair,White,Male,40,United-States,>50K
6426,39,Private,HS-grad,Married-civ-spouse,Craft-repair,White,Male,40,United-States,>50K
6427,53,Local-gov,HS-grad,Married-civ-spouse,Exec-managerial,Amer-Indian-Eskimo,Male,48,United-States,>50K
6428,27,Private,HS-grad,Never-married,Adm-clerical,Black,Female,40,United-States,<=50K
6429,29,Self-emp-not-inc,Some-college,Never-married,Craft-repair,White,Male,45,United-States,<=50K
6430,20,Private,Some-college,Never-married,Other-service,White,Female,12,United-States,<=50K
6431,51,State-gov,Assoc-voc,Divorced,Prof-specialty,White,Female,40,United-States,>50K
6432,66,Private,11th,Married-civ-spouse,Craft-repair,White,Male,20,United-States,>50K
6433,31,Private,HS-grad,Never-married,Sales,White,Female,40,United-States,<=50K
6434,42,Federal-gov,Bachelors,Married-civ-spouse,Exec-managerial,White,Male,52,United-States,<=50K
6435,36,Private,HS-grad,Married-civ-spouse,Craft-repair,White,Male,40,United-States,>50K
6436,59,Private,HS-grad,Divorced,Handlers-cleaners,Black,Male,40,United-States,<=50K
6437,44,Local-gov,HS-grad,Divorced,Craft-repair,Black,Male,40,United-States,>50K
6438,33,Private,Bachelors,Married-civ-spouse,Prof-specialty,White,Male,25,United-States,>50K
6439,40,Self-emp-inc,Masters,Married-civ-spouse,Sales,White,Male,70,United-States,>50K
6440,60,Private,Some-college,Married-civ-spouse,Transport-moving,White,Male,60,United-States,>50K
6441,34,Private,11th,Married-civ-spouse,Handlers-cleaners,White,Male,40,United-States,<=50K
6442,53,Private,HS-grad,Separated,Sales,White,Female,33,United-States,>50K
6443,55,Private,10th,Never-married,Other-service,White,Male,29,United-States,<=50K
6444,30,Private,HS-grad,Never-married,Sales,Black,Female,25,United-States,<=50K
6445,41,Local-gov,Bachelors,Divorced,Prof-specialty,White,Male,65,United-States,>50K
6446,70,Self-emp-not-inc,Bachelors,Married-civ-spouse,Craft-repair,White,Male,12,United-States,>50K
6447,45,Private,HS-grad,Separated,Machine-op-inspct,Black,Female,40,United-States,>50K
6448,36,Self-emp-not-inc,HS-grad,Married-civ-spouse,Transport-moving,White,Male,50,United-States,<=50K
6449,17,Private,10th,Never-married,Farming-fishing,White,Male,40,United-States,<=50K
6450,30,Private,HS-grad,Married-civ-spouse,Transport-moving,White,Male,40,United-States,>50K
6451,58,Private,Assoc-voc,Married-civ-spouse,Craft-repair,White,Male,40,United-States,<=50K
6452,18,Private,HS-grad,Never-married,Sales,White,Female,38,United-States,<=50K
6453,63,Private,Masters,Divorced,Exec-managerial,White,Female,40,United-States,<=50K
6454,40,Private,HS-grad,Never-married,Craft-repair,White,Male,28,United-States,>50K
6455,37,Private,Some-college,Married-civ-spouse,Sales,White,Male,44,United-States,>50K
6456,22,Private,Some-college,Married-civ-spouse,Sales,White,Male,55,United-States,<=50K
6457,53,Private,Some-college,Divorced,Adm-clerical,White,Female,43,United-States,<=50K
6458,28,Self-emp-not-inc,Some-college,Married-civ-spouse,Craft-repair,White,Male,40,United-States,<=50K
6459,67,Self-emp-not-inc,HS-grad,Widowed,Other-service,White,Female,20,United-States,>50K
6460,73,Private,HS-grad,Married-civ-spouse,Machine-op-inspct,White,Male,40,England,<=50K
6461,38,Private,Some-college,Married-civ-spouse,Sales,White,Male,60,United-States,<=50K
6462,35,Private,HS-grad,Married-civ-spouse,Machine-op-inspct,White,Male,40,United-States,<=50K
6463,18,Private,HS-grad,Never-married,Craft-repair,White,Male,40,United-States,<=50K
6464,36,Private,Assoc-acdm,Married-civ-spouse,Tech-support,White,Male,40,United-States,>50K
6465,29,Self-emp-not-inc,7th-8th,Married-civ-spouse,Farming-fishing,White,Male,72,United-States,>50K
6466,33,Private,HS-grad,Divorced,Adm-clerical,White,Male,38,United-States,>50K
6467,37,Private,HS-grad,Married-civ-spouse,Craft-repair,White,Male,50,United-States,>50K
6468,52,Local-gov,HS-grad,Married-civ-spouse,Other-service,Black,Female,20,United-States,<=50K
6469,68,Self-emp-inc,HS-grad,Married-civ-spouse,Sales,White,Male,40,United-States,>50K
6470,19,Private,HS-grad,Never-married,Handlers-cleaners,White,Male,16,United-States,>50K
6471,39,Self-emp-not-inc,Some-college,Never-married,Craft-repair,White,Male,25,United-States,<=50K
6472,37,Private,HS-grad,Married-civ-spouse,Sales,White,Male,50,United-States,>50K
6473,35,Self-emp-inc,Some-college,Divorced,Exec-managerial,White,Male,60,United-States,>50K
6474,32,Private,Bachelors,Married-civ-spouse,Prof-specialty,White,Male,40,United-States,<=50K
6475,48,Private,HS-grad,Never-married,Adm-clerical,White,Female,40,United-States,<=50K
6476,43,Private,HS-grad,Married-civ-spouse,Adm-clerical,White,Female,40,United-States,<=50K
6477,27,Private,9th,Married-civ-spouse,Farming-fishing,Amer-Indian-Eskimo,Male,40,United-States,>50K
6478,42,State-gov,Some-college,Separated,Tech-support,White,Female,40,United-States,<=50K
6479,50,Private,Assoc-acdm,Divorced,Adm-clerical,Asian-Pac-Islander,Male,40,United-States,<=50K
6480,28,Private,Some-college,Divorced,Prof-specialty,White,Male,40,United-States,<=50K
6481,42,Private,10th,Married-civ-spouse,Craft-repair,White,Male,35,United-States,>50K
6482,45,Local-gov,Some-college,Divorced,Adm-clerical,Black,Female,35,United-States,>50K
6483,18,Private,HS-grad,Never-married,Adm-clerical,White,Female,15,United-States,<=50K
6484,37,Private,Some-college,Married-civ-spouse,Craft-repair,White,Male,40,United-States,<=50K
6485,42,Private,HS-grad,Married-civ-spouse,Sales,White,Male,40,United-States,<=50K
6486,47,Private,Some-college,Married-civ-spouse,Machine-op-inspct,Asian-Pac-Islander,Male,40,Philippines,<=50K
6487,77,Private,Some-college,Widowed,Priv-house-serv,White,Female,20,United-States,>50K
6488,57,Self-emp-inc,Some-college,Married-civ-spouse,Exec-managerial,White,Male,40,United-States,<=50K
6489,23,Private,Some-college,Never-married,Adm-clerical,White,Female,25,United-States,>50K
6490,37,Private,Bachelors,Married-civ-spouse,Handlers-cleaners,White,Male,40,United-States,<=50K
6491,33,Private,HS-grad,Married-civ-spouse,Machine-op-inspct,White,Male,40,United-States,>50K
6492,59,Private,Prof-school,Married-civ-spouse,Prof-specialty,Asian-Pac-Islander,Male,40,India,<=50K
6493,33,Private,Some-college,Married-civ-spouse,Prof-specialty,White,Male,40,United-States,>50K
6494,25,Private,10th,Married-civ-spouse,Other-service,White,Female,35,United-States,<=50K
6495,32,Self-emp-not-inc,HS-grad,Married-civ-spouse,Machine-op-inspct,White,Male,40,United-States,>50K
6496,43,State-gov,HS-grad,Divorced,Adm-clerical,White,Female,50,United-States,>50K
6497,28,Private,HS-grad,Divorced,Adm-clerical,White,Female,35,United-States,<=50K
6498,61,Federal-gov,Some-college,Married-civ-spouse,Prof-specialty,White,Male,40,United-States,<=50K
6499,44,Self-emp-not-inc,Some-college,Separated,Sales,White,Male,60,United-States,<=50K
6500,51,Self-emp-not-inc,Assoc-voc,Married-civ-spouse,Tech-support,White,Male,38,United-States,<=50K
6501,57,Private,HS-grad,Divorced,Adm-clerical,White,Female,40,United-States,<=50K
6502,23,Private,Some-college,Never-married,Exec-managerial,Black,Female,40,United-States,>50K
6503,74,Private,5th-6th,Married-civ-spouse,Transport-moving,Black,Male,40,United-States,>50K
6504,22,Private,Assoc-voc,Never-married,Craft-repair,White,Male,40,United-States,<=50K
6505,72,Local-gov,Doctorate,Married-civ-spouse,Exec-managerial,White,Male,40,United-States,>50K
6506,29,Private,HS-grad,Married-civ-spouse,Farming-fishing,White,Male,55,United-States,<=50K
6507,60,Local-gov,Bachelors,Married-civ-spouse,Prof-specialty,White,Male,40,United-States,<=50K
6508,45,Federal-gov,Bachelors,Married-civ-spouse,Adm-clerical,White,Male,45,United-States,<=50K
6509,33,Private,5th-6th,Married-spouse-absent,Transport-moving,Other,Male,20,El-Salvador,<=50K
6510,19,Private,Some-college,Never-married,Transport-moving,White,Male,40,United-States,>50K
6511,47,Private,11th,Divorced,Other-service,White,Female,15,United-States,>50K
6512,30,Local-gov,HS-grad,Married-civ-spouse,Protective-serv,White,Male,40,United-States,<=50K
6513,37,Private,Bachelors,Separated,Other-service,White,Male,70,England,<=50K
6514,35,Private,HS-grad,Married-civ-spouse,Adm-clerical,White,Male,40,United-States,>50K
6515,33,Private,HS-grad,Married-civ-spouse,Other-service,White,Female,25,United-States,>50K
6516,40,Private,Some-college,Married-civ-spouse,Sales,White,Male,60,United-States,>50K
6517,54,Federal-gov,Some-college,Divorced,Adm-clerical,White,Female,40,United-States,<=50K
6518,32,Private,Bachelors,Never-married,Prof-specialty,White,Male,50,United-States,>50K
6519,38,Private,Some-college,Married-civ-spouse,Handlers-cleaners,White,Female,35,United-States,>50K
6520,70,Private,Some-college,Divorced,Farming-fishing,Asian-Pac-Islander,Male,40,Vietnam,<=50K
6521,44,Private,Bachelors,Never-married,Adm-clerical,White,Female,37,United-States,>50K
6522,66,Private,Bachelors,Married-civ-spouse,Craft-repair,Asian-Pac-Islander,Male,30,Philippines,<=50K
6523,40,Private,HS-grad,Married-civ-spouse,Farming-fishing,Black,Male,40,United-States,>50K
6524,40,Private,HS-grad,Married-civ-spouse,Craft-repair,Black,Male,40,United-States,>50K
6525,56,State-gov,Bachelors,Married-civ-spouse,Exec-managerial,White,Male,40,United-States,>50K
6526,22,Private,HS-grad,Divorced,Sales,White,Female,33,United-States,<=50K
6527,17,Private,12th,Never-married,Handlers-cleaners,White,Male,20,United-States,<=50K
6528,39,Private,HS-grad,Divorced,Other-service,White,Male,40,United-States,<=50K
6529,56,Local-gov,Some-college,Married-civ-spouse,Craft-repair,White,Male,41,United-States,<=50K
6530,30,Private,HS-grad,Married-civ-spouse,Handlers-cleaners,White,Male,66,United-States,<=50K
6531,90,Private,HS-grad,Never-married,Other-service,White,Female,24,United-States,>50K
6532,42,Self-emp-not-inc,10th,Widowed,Transport-moving,White,Male,35,United-States,<=50K
6533,23,Private,11th,Divorced,Other-service,White,Female,35,United-States,>50K
6534,31,Private,Some-college,Never-married,Machine-op-inspct,White,Female,50,United-States,<=50K
6535,36,Private,11th,Separated,Machine-op-inspct,Black,Male,40,United-States,>50K
6536,49,Local-gov,Masters,Married-civ-spouse,Adm-clerical,White,Male,40,United-States,<=50K
6537,23,Private,Some-college,Never-married,Sales,White,Female,40,United-States,<=50K
6538,24,Private,HS-grad,Never-married,Adm-clerical,White,Male,60,United-States,<=50K
6539,49,Self-emp-not-inc,Bachelors,Married-civ-spouse,Exec-managerial,White,Male,60,United-States,<=50K
6540,45,State-gov,Some-college,Married-spouse-absent,Other-service,Black,Male,40,Haiti,<=50K
6541,30,Private,Doctorate,Never-married,Prof-specialty,White,Male,60,United-States,<=50K
6542,45,Private,Masters,Married-civ-spouse,Exec-managerial,White,Male,40,United-States,>50K
6543,35,Private,Assoc-voc,Divorced,Prof-specialty,White,Female,40,United-States,>50K
6544,41,Private,HS-grad,Married-civ-spouse,Craft-repair,White,Male,44,United-States,>50K
6545,40,Private,HS-grad,Divorced,Adm-clerical,White,Female,50,United-States,>50K
6546,67,Self-emp-not-inc,1st-4th,Widowed,Other-service,Black,Female,20,United-States,<=50K
6547,35,Private,HS-grad,Divorced,Exec-managerial,White,Male,60,United-States,>50K
6548,43,Private,10th,Married-civ-spouse,Transport-moving,White,Male,40,United-States,<=50K
6549,39,Private,Masters,Married-civ-spouse,Exec-managerial,White,Male,40,United-States,>50K
6550,44,Private,Doctorate,Married-civ-spouse,Prof-specialty,White,Male,40,United-States,<=50K
6551,23,Private,Some-college,Never-married,Exec-managerial,White,Male,40,United-States,>50K
6552,27,Private,Bachelors,Married-civ-spouse,Other-service,White,Male,40,United-States,<=50K
6553,31,Private,Assoc-voc,Never-married,Other-service,White,Female,40,United-States,<=50K
6554,22,Private,HS-grad,Never-married,Transport-moving,White,Male,40,United-States,>50K
6555,56,Private,10th,Married-civ-spouse,Other-service,White,Male,35,Cuba,<=50K
6556,37,Private,9th,Married-civ-spouse,Machine-op-inspct,Black,Female,48,United-States,>50K
6557,55,Private,HS-grad,Married-spouse-absent,Machine-op-inspct,White,Male,40,Poland,>50K
6558,39,State-gov,Some-college,Divorced,Adm-clerical,White,Female,35,United-States,<=50K
6559,23,Private,Some-college,Never-married,Exec-managerial,White,Male,40,United-States,<=50K
6560,35,Self-emp-not-inc,HS-grad,Married-civ-spouse,Craft-repair,White,Male,60,United-States,>50K
6561,37,Private,HS-grad,Never-married,Other-service,White,Female,35,United-States,<=50K
6562,47,Private,HS-grad,Divorced,Exec-managerial,White,Female,40,United-States,>50K
6563,45,Self-emp-not-inc,Some-college,Separated,Sales,White,Male,50,United-States,<=50K
6564,33,Federal-gov,Some-college,Never-married,Adm-clerical,Asian-Pac-Islander,Female,40,United-States,>50K
6565,28,Private,11th,Married-civ-spouse,Craft-repair,White,Male,60,United-States,>50K
6566,34,Private,HS-grad,Married-civ-spouse,Craft-repair,White,Male,40,Nicaragua,<=50K
6567,38,Private,HS-grad,Married-civ-spouse,Machine-op-inspct,White,Male,40,United-States,>50K
6568,30,Private,Some-college,Married-civ-spouse,Handlers-cleaners,White,Male,40,United-States,>50K
6569,40,Private,Assoc-acdm,Married-civ-spouse,Sales,White,Male,52,United-States,<=50K
6570,34,Private,7th-8th,Married-civ-spouse,Other-service,White,Female,40,United-States,>50K
6571,30,Private,HS-grad,Married-spouse-absent,Adm-clerical,White,Male,40,United-States,>50K
6572,41,Private,Bachelors,Married-civ-spouse,Sales,White,Male,70,United-States,>50K
6573,22,Private,HS-grad,Married-spouse-absent,Sales,White,Male,40,United-States,>50K
6574,20,Private,HS-grad,Never-married,Handlers-cleaners,White,Male,35,United-States,>50K
6575,60,Private,HS-grad,Never-married,Handlers-cleaners,White,Male,40,United-States,<=50K
6576,56,State-gov,Assoc-voc,Married-civ-spouse,Craft-repair,Black,Male,60,United-States,>50K
6577,28,Private,Assoc-voc,Never-married,Sales,White,Female,40,United-States,<=50K
6578,39,Private,Assoc-voc,Married-civ-spouse,Craft-repair,White,Male,40,United-States,>50K
6579,40,Private,Prof-school,Never-married,Exec-managerial,White,Female,40,Cuba,<=50K
6580,64,Private,7th-8th,Married-civ-spouse,Farming-fishing,White,Male,40,United-States,<=50K
6581,42,Federal-gov,Masters,Married-civ-spouse,Prof-specialty,Asian-Pac-Islander,Male,40,South,<=50K
6582,56,Private,Bachelors,Married-civ-spouse,Prof-specialty,White,Male,40,United-States,<=50K
6583,25,Private,HS-grad,Never-married,Adm-clerical,Asian-Pac-Islander,Female,40,United-States,>50K
6584,38,Private,HS-grad,Never-married,Machine-op-inspct,White,Male,40,United-States,>50K
6585,21,Private,HS-grad,Never-married,Other-service,White,Male,35,United-States,<=50K
6586,48,Local-gov,Bachelors,Never-married,Adm-clerical,White,Female,35,United-States,>50K
6587,63,Private,HS-grad,Married-civ-spouse,Craft-repair,White,Male,30,United-States,>50K
6588,18,Private,Some-college,Never-married,Sales,Black,Female,21,United-States,>50K
6589,28,Private,12th,Never-married,Sales,Black,Male,40,United-States,>50K
6590,28,Private,HS-grad,Married-civ-spouse,Adm-clerical,White,Female,40,United-States,<=50K
6591,51,Self-emp-inc,Bachelors,Married-civ-spouse,Exec-managerial,White,Male,40,United-States,<=50K
6592,40,Local-gov,Assoc-acdm,Married-civ-spouse,Exec-managerial,White,Male,40,United-States,<=50K
6593,17,Private,12th,Never-married,Prof-specialty,White,Male,7,United-States,>50K
6594,60,Private,Some-college,Divorced,Adm-clerical,White,Female,40,United-States,>50K
6595,17,Private,10th,Never-married,Other-service,White,Male,14,United-States,>50K
6596,25,State-gov,Bachelors,Never-married,Prof-specialty,White,Female,50,United-States,<=50K
6597,22,Private,11th,Never-married,Adm-clerical,White,Male,40,United-States,>50K
6598,64,Self-emp-not-inc,Some-college,Widowed,Craft-repair,White,Female,8,United-States,<=50K
6599,52,Self-emp-not-inc,HS-grad,Divorced,Sales,Black,Male,40,United-States,<=50K
6600,22,Private,Assoc-acdm,Never-married,Handlers-cleaners,White,Male,20,United-States,>50K
6601,36,Private,Bachelors,Never-married,Tech-support,White,Male,40,United-States,<=50K
6602,44,Self-emp-inc,Bachelors,Married-civ-spouse,Exec-managerial,White,Male,60,United-States,>50K
6603,58,Private,HS-grad,Divorced,Exec-managerial,White,Female,40,United-States,<=50K
6604,56,Private,7th-8th,Married-civ-spouse,Craft-repair,White,Male,40,United-States,<=50K
6605,50,Private,Some-college,Married-civ-spouse,Sales,White,Male,40,United-States,>50K
6606,52,Private,Masters,Married-civ-spouse,Prof-specialty,White,Male,45,United-States,>50K
6607,28,Self-emp-not-inc,12th,Married-civ-spouse,Craft-repair,White,Male,40,United-States,>50K
6608,34,Federal-gov,Prof-school,Married-civ-spouse,Prof-specialty,White,Male,40,United-States,<=50K
6609,32,Private,Bachelors,Married-civ-spouse,Prof-specialty,White,Female,32,United-States,<=50K
6610,78,Self-emp-inc,Bachelors,Married-civ-spouse,Exec-managerial,White,Male,40,United-States,<=50K
6611,53,Private,Bachelors,Never-married,Other-service,Asian-Pac-Islander,Female,21,Japan,<=50K
6612,24,Private,HS-grad,Divorced,Exec-managerial,White,Female,40,United-States,<=50K
6613,41,Private,Masters,Married-civ-spouse,Prof-specialty,White,Male,50,United-States,>50K
6614,32,Private,Masters,Never-married,Exec-managerial,White,Female,60,United-States,<=50K
6615,39,Private,HS-grad,Divorced,Adm-clerical,White,Female,40,United-States,<=50K
6616,38,Private,11th,Married-civ-spouse,Craft-repair,White,Male,40,United-States,<=50K
6617,42,Private,HS-grad,Divorced,Adm-clerical,White,Female,35,United-States,>50K
6618,37,Local-gov,Masters,Divorced,Exec-managerial,White,Female,40,United-States,>50K
6619,46,Local-gov,HS-grad,Divorced,Adm-clerical,White,Female,30,United-States,<=50K
6620,61,Private,Bachelors,Married-civ-spouse,Sales,White,Male,50,United-States,<=50K
6621,38,Local-gov,Some-college,Divorced,Protective-serv,White,Male,75,United-States,>50K
6622,41,Private,Masters,Married-civ-spouse,Prof-specialty,White,Male,45,United-States,>50K
6623,44,Private,11th,Married-civ-spouse,Sales,White,Male,40,United-States,>50K
6624,28,Private,Bachelors,Never-married,Handlers-cleaners,White,Male,40,United-States,<=50K
6625,31,Local-gov,Bachelors,Divorced,Prof-specialty,White,Female,40,United-States,<=50K
6626,54,Local-gov,Masters,Married-civ-spouse,Prof-specialty,White,Male,40,United-States,>50K
6627,40,Private,Masters,Never-married,Prof-specialty,White,Female,40,United-States,>50K
6628,38,Private,Bachelors,Never-married,Adm-clerical,White,Female,35,United-States,<=50K
6629,43,Federal-gov,Bachelors,Never-married,Tech-support,White,Male,50,United-States,<=50K
6630,45,Private,12th,Married-civ-spouse,Adm-clerical,White,Male,50,United-States,<=50K
6631,49,State-gov,Bachelors,Married-civ-spouse,Exec-managerial,White,Male,40,United-States,<=50K
6632,55,Self-emp-not-inc,Assoc-acdm,Married-civ-spouse,Exec-managerial,White,Male,55,United-States,>50K
6633,82,Self-emp-not-inc,HS-grad,Married-civ-spouse,Craft-repair,White,Male,40,Cuba,>50K
6634,30,Private,HS-grad,Divorced,Transport-moving,White,Male,52,United-States,>50K
6635,28,Federal-gov,HS-grad,Never-married,Craft-repair,White,Male,40,United-States,<=50K
6636,31,Private,1st-4th,Never-married,Other-service,White,Female,25,El-Salvador,<=50K
6637,24,Private,Bachelors,Never-married,Prof-specialty,Asian-Pac-Islander,Female,40,Philippines,<=50K
6638,39,Self-emp-not-inc,Bachelors,Married-civ-spouse,Prof-specialty,White,Male,50,United-States,<=50K
6639,53,Private,HS-grad,Married-civ-spouse,Craft-repair,Black,Male,40,United-States,<=50K
6640,54,Private,HS-grad,Married-civ-spouse,Machine-op-inspct,White,Male,40,United-States,<=50K
6641,58,Self-emp-not-inc,Assoc-voc,Married-civ-spouse,Craft-repair,White,Male,42,United-States,<=50K
6642,33,Private,HS-grad,Married-civ-spouse,Sales,White,Male,40,United-States,<=50K
6643,73,Self-emp-inc,HS-grad,Married-civ-spouse,Sales,White,Male,20,United-States,<=50K
6644,30,State-gov,Some-college,Never-married,Other-service,Amer-Indian-Eskimo,Male,84,United-States,>50K
6645,41,Self-emp-not-inc,Assoc-voc,Married-civ-spouse,Prof-specialty,White,Female,15,United-States,>50K
6646,40,Private,Masters,Married-civ-spouse,Exec-managerial,White,Male,45,United-States,<=50K
6647,29,Private,Bachelors,Never-married,Exec-managerial,White,Male,50,United-States,<=50K
6648,36,Local-gov,Some-college,Married-civ-spouse,Protective-serv,White,Male,56,United-States,<=50K
6649,36,Local-gov,HS-grad,Married-civ-spouse,Adm-clerical,White,Female,40,United-States,>50K
6650,28,Private,Masters,Never-married,Exec-managerial,Other,Male,30,Cuba,<=50K
6651,24,Private,HS-grad,Never-married,Other-service,White,Female,40,United-States,>50K
6652,28,Private,Some-college,Never-married,Transport-moving,White,Male,50,United-States,>50K
6653,36,Private,HS-grad,Never-married,Adm-clerical,White,Male,40,United-States,>50K
6654,57,Self-emp-not-inc,Assoc-acdm,Married-civ-spouse,Other-service,White,Male,40,Iran,<=50K
6655,42,Private,11th,Married-civ-spouse,Transport-moving,White,Male,40,United-States,<=50K
6656,25,Private,7th-8th,Married-civ-spouse,Craft-repair,White,Male,40,Mexico,>50K
6657,40,Federal-gov,Bachelors,Never-married,Adm-clerical,White,Male,40,Puerto-Rico,>50K
6658,62,Local-gov,HS-grad,Widowed,Other-service,White,Female,40,Canada,>50K
6659,24,Private,Bachelors,Never-married,Prof-specialty,Black,Female,35,United-States,<=50K
6660,22,Private,Bachelors,Never-married,Exec-managerial,White,Female,7,United-States,<=50K
6661,56,Local-gov,HS-grad,Married-civ-spouse,Other-service,White,Male,40,United-States,>50K
6662,48,Private,5th-6th,Married-civ-spouse,Transport-moving,White,Male,40,United-States,>50K
6663,45,Private,HS-grad,Married-civ-spouse,Craft-repair,White,Male,40,United-States,>50K
6664,38,Private,Some-college,Married-civ-spouse,Sales,White,Male,50,United-States,>50K
6665,50,Private,Bachelors,Divorced,Sales,White,Female,50,United-States,<=50K
6666,34,Private,11th,Never-married,Machine-op-inspct,Black,Male,45,United-States,>50K
6667,67,Private,10th,Married-civ-spouse,Transport-moving,White,Male,16,United-States,<=50K
6668,21,Private,HS-grad,Never-married,Other-service,Black,Female,35,United-States,>50K
6669,45,Local-gov,Masters,Divorced,Prof-specialty,White,Female,55,United-States,>50K
6670,23,Private,Assoc-voc,Never-married,Tech-support,White,Male,40,United-States,<=50K
6671,38,Private,HS-grad,Never-married,Other-service,Black,Female,30,United-States,>50K
6672,48,Private,HS-grad,Never-married,Other-service,Black,Female,32,Haiti,<=50K
6673,19,Self-emp-not-inc,11th,Married-civ-spouse,Craft-repair,White,Male,55,United-States,>50K
6674,66,Private,10th,Widowed,Transport-moving,White,Female,11,United-States,<=50K
6675,80,Private,Some-college,Widowed,Adm-clerical,White,Female,20,United-States,<=50K
6676,27,Private,HS-grad,Married-spouse-absent,Farming-fishing,White,Female,40,Mexico,>50K
6677,32,Private,Bachelors,Married-civ-spouse,Adm-clerical,White,Female,2,United-States,<=50K
6678,21,Private,HS-grad,Never-married,Adm-clerical,White,Female,40,United-States,>50K
6679,58,Private,Assoc-acdm,Married-civ-spouse,Exec-managerial,White,Male,50,United-States,>50K
6680,32,Private,HS-grad,Married-civ-spouse,Craft-repair,White,Male,40,United-States,<=50K
6681,47,Private,Some-college,Married-civ-spouse,Craft-repair,Amer-Indian-Eskimo,Male,40,United-States,>50K
6682,38,Private,HS-grad,Never-married,Adm-clerical,White,Female,38,United-States,>50K
6683,42,State-gov,HS-grad,Married-civ-spouse,Transport-moving,Amer-Indian-Eskimo,Male,40,United-States,<=50K
6684,59,Private,HS-grad,Married-civ-spouse,Craft-repair,White,Male,45,United-States,<=50K
6685,36,Self-emp-not-inc,Prof-school,Married-civ-spouse,Sales,White,Male,30,United-States,<=50K
6686,44,Private,Prof-school,Married-civ-spouse,Prof-specialty,White,Male,50,United-States,<=50K
6687,58,Private,Doctorate,Married-civ-spouse,Prof-specialty,White,Male,50,United-States,>50K
6688,51,Local-gov,7th-8th,Married-civ-spouse,Transport-moving,White,Male,40,United-States,<=50K
6689,56,Private,7th-8th,Married-civ-spouse,Craft-repair,White,Male,40,Portugal,<=50K
6690,34,Self-emp-not-inc,Some-college,Married-civ-spouse,Farming-fishing,White,Male,50,United-States,<=50K
6691,51,Private,HS-grad,Married-civ-spouse,Sales,White,Male,55,United-States,<=50K
6692,38,Private,Prof-school,Married-civ-spouse,Prof-specialty,White,Female,40,United-States,>50K
6693,50,Local-gov,Masters,Divorced,Prof-specialty,White,Female,45,United-States,<=50K
6694,30,Private,Bachelors,Never-married,Exec-managerial,Asian-Pac-Islander,Female,52,Taiwan,>50K
6695,64,Self-emp-not-inc,7th-8th,Married-civ-spouse,Craft-repair,White,Male,20,United-States,<=50K
6696,36,Federal-gov,HS-grad,Married-civ-spouse,Adm-clerical,White,Female,40,United-States,<=50K
6697,62,Private,Bachelors,Married-civ-spouse,Sales,White,Male,35,United-States,>50K
6698,18,Private,Some-college,Never-married,Adm-clerical,White,Male,40,United-States,>50K
6699,44,Federal-gov,HS-grad,Divorced,Craft-repair,White,Male,40,United-States,>50K
6700,46,Private,11th,Married-civ-spouse,Other-service,Black,Male,40,United-States,<=50K
6701,47,Federal-gov,Some-college,Divorced,Adm-clerical,White,Female,40,United-States,<=50K
6702,44,Self-emp-not-inc,HS-grad,Married-civ-spouse,Farming-fishing,Asian-Pac-Islander,Male,42,Japan,>50K
6703,43,Federal-gov,Some-college,Married-civ-spouse,Prof-specialty,White,Female,40,United-States,>50K
6704,36,Private,Some-college,Married-civ-spouse,Exec-managerial,White,Female,33,United-States,>50K
6705,37,Private,Assoc-voc,Married-civ-spouse,Tech-support,White,Female,37,United-States,>50K
6706,49,Private,9th,Married-civ-spouse,Craft-repair,White,Male,40,United-States,>50K
6707,59,Local-gov,Some-college,Separated,Protective-serv,White,Male,40,United-States,>50K
6708,23,Private,Masters,Never-married,Sales,White,Female,20,United-States,<=50K
6709,41,Self-emp-not-inc,HS-grad,Divorced,Craft-repair,White,Male,27,United-States,>50K
6710,27,Private,9th,Never-married,Farming-fishing,White,Male,40,United-States,>50K
6711,40,Self-emp-inc,HS-grad,Married-civ-spouse,Exec-managerial,White,Male,60,United-States,>50K
6712,55,Local-gov,HS-grad,Married-civ-spouse,Transport-moving,White,Male,44,United-States,<=50K
6713,62,Private,Assoc-voc,Married-civ-spouse,Exec-managerial,White,Male,50,United-States,<=50K
6714,36,Private,Some-college,Married-civ-spouse,Adm-clerical,White,Male,40,United-States,<=50K
6715,47,State-gov,HS-grad,Married-civ-spouse,Adm-clerical,White,Female,40,United-States,<=50K
6716,61,Private,Some-college,Married-civ-spouse,Prof-specialty,White,Male,50,United-States,>50K
6717,55,Local-gov,7th-8th,Never-married,Other-service,Black,Female,40,United-States,>50K
6718,24,Private,Some-college,Never-married,Sales,White,Male,40,United-States,>50K
6719,59,Private,Bachelors,Married-civ-spouse,Craft-repair,White,Male,50,United-States,>50K
6720,34,Private,Some-college,Never-married,Other-service,White,Female,40,United-States,<=50K
6721,48,Private,HS-grad,Never-married,Tech-support,Black,Female,33,Jamaica,<=50K
6722,25,Private,HS-grad,Never-married,Sales,White,Male,45,United-States,>50K
6723,58,Private,Masters,Married-civ-spouse,Prof-specialty,White,Male,50,United-States,>50K
6724,50,Private,Bachelors,Married-civ-spouse,Exec-managerial,White,Male,50,United-States,>50K
6725,25,Private,HS-grad,Never-married,Handlers-cleaners,White,Male,40,United-States,<=50K
6726,36,Private,HS-grad,Married-civ-spouse,Other-service,White,Male,50,United-States,<=50K
6727,47,Self-emp-not-inc,HS-grad,Married-spouse-absent,Craft-repair,White,Male,40,United-States,>50K
6728,52,Federal-gov,Assoc-acdm,Married-civ-spouse,Other-service,White,Male,40,United-States,>50K
6729,36,Local-gov,HS-grad,Married-civ-spouse,Adm-clerical,Asian-Pac-Islander,Female,40,China,<=50K
6730,47,Private,Prof-school,Married-civ-spouse,Prof-specialty,White,Male,50,United-States,<=50K
6731,45,Self-emp-inc,Assoc-acdm,Married-civ-spouse,Prof-specialty,White,Male,50,United-States,>50K
6732,64,Private,Some-college,Widowed,Other-service,White,Female,24,United-States,>50K
6733,46,Local-gov,Masters,Married-civ-spouse,Prof-specialty,Black,Male,38,United-States,<=50K
6734,57,Self-emp-not-inc,Assoc-voc,Married-civ-spouse,Craft-repair,White,Male,40,United-States,<=50K
6735,60,Private,Some-college,Married-civ-spouse,Sales,White,Male,55,United-States,<=50K
6736,32,Private,Some-college,Married-civ-spouse,Prof-specialty,White,Male,40,United-States,<=50K
6737,65,Private,10th,Widowed,Sales,White,Female,20,United-States,>50K
6738,41,Private,Prof-school,Married-civ-spouse,Prof-specialty,White,Male,45,United-States,>50K
6739,57,Private,Some-college,Never-married,Protective-serv,White,Male,40,United-States,>50K
6740,58,Self-emp-not-inc,HS-grad,Married-civ-spouse,Farming-fishing,White,Male,50,United-States,>50K
6741,55,Private,HS-grad,Married-civ-spouse,Craft-repair,White,Male,40,United-States,>50K
6742,29,Self-emp-not-inc,HS-grad,Never-married,Craft-repair,White,Male,50,United-States,<=50K
6743,55,Local-gov,Bachelors,Widowed,Prof-specialty,White,Female,48,United-States,<=50K
6744,18,Private,Some-college,Never-married,Other-service,White,Male,8,United-States,>50K
6745,32,State-gov,Bachelors,Never-married,Prof-specialty,White,Female,40,United-States,>50K
6746,27,Private,HS-grad,Married-civ-spouse,Craft-repair,White,Male,40,United-States,>50K
6747,45,Private,HS-grad,Never-married,Handlers-cleaners,White,Female,40,United-States,>50K
6748,39,Self-emp-not-inc,Prof-school,Married-civ-spouse,Prof-specialty,White,Male,50,United-States,>50K
6749,30,Private,HS-grad,Never-married,Farming-fishing,White,Male,40,United-States,>50K
6750,36,Private,Bachelors,Married-civ-spouse,Exec-managerial,White,Male,50,United-States,<=50K
6751,48,Self-emp-not-inc,HS-grad,Separated,Other-service,White,Female,25,United-States,>50K
6752,40,Private,HS-grad,Married-civ-spouse,Sales,White,Male,60,United-States,<=50K
6753,51,Self-emp-not-inc,Assoc-acdm,Married-civ-spouse,Sales,White,Male,40,United-States,<=50K
6754,27,Private,HS-grad,Married-civ-spouse,Adm-clerical,Black,Female,40,United-States,<=50K
6755,50,Private,Bachelors,Married-civ-spouse,Exec-managerial,Asian-Pac-Islander,Male,40,Philippines,<=50K
6756,57,Private,HS-grad,Never-married,Adm-clerical,White,Female,40,United-States,<=50K
6757,53,Private,HS-grad,Divorced,Handlers-cleaners,White,Male,40,United-States,>50K
6758,25,Private,HS-grad,Never-married,Other-service,Black,Male,40,Japan,>50K
6759,38,Private,HS-grad,Married-civ-spouse,Handlers-cleaners,White,Male,40,United-States,>50K
6760,18,Private,Some-college,Never-married,Adm-clerical,White,Male,25,United-States,<=50K
6761,49,Federal-gov,HS-grad,Widowed,Exec-managerial,White,Female,20,United-States,>50K
6762,31,Self-emp-not-inc,7th-8th,Married-civ-spouse,Craft-repair,White,Male,40,United-States,>50K
6763,40,Federal-gov,HS-grad,Never-married,Adm-clerical,Black,Female,40,United-States,>50K
6764,28,Local-gov,Some-college,Never-married,Adm-clerical,Black,Female,40,United-States,<=50K
6765,30,Private,Some-college,Never-married,Exec-managerial,Black,Female,40,United-States,>50K
6766,30,Private,Some-college,Never-married,Tech-support,Asian-Pac-Islander,Male,40,United-States,<=50K
6767,39,Private,HS-grad,Separated,Machine-op-inspct,Black,Male,40,United-States,>50K
6768,39,Private,Bachelors,Married-civ-spouse,Exec-managerial,White,Male,40,United-States,<=50K
6769,31,Private,Some-college,Never-married,Sales,White,Male,45,United-States,<=50K
6770,54,Private,HS-grad,Married-civ-spouse,Craft-repair,White,Male,49,United-States,<=50K
6771,40,Private,10th,Married-civ-spouse,Craft-repair,Black,Male,40,United-States,<=50K
6772,21,Private,HS-grad,Married-civ-spouse,Adm-clerical,White,Male,40,United-States,<=50K
6773,43,Private,HS-grad,Divorced,Adm-clerical,White,Female,40,United-States,<=50K
6774,17,Private,10th,Never-married,Other-service,White,Female,15,United-States,>50K
6775,28,Private,Bachelors,Married-civ-spouse,Sales,White,Male,45,United-States,<=50K
6776,33,Self-emp-not-inc,11th,Married-civ-spouse,Craft-repair,White,Male,50,United-States,>50K
6777,42,Self-emp-not-inc,HS-grad,Separated,Other-service,White,Female,22,United-States,<=50K
6778,27,Private,HS-grad,Married-civ-spouse,Exec-managerial,White,Female,40,United-States,>50K
6779,40,Private,Masters,Married-civ-spouse,Prof-specialty,White,Male,60,United-States,>50K
6780,53,Private,Bachelors,Married-civ-spouse,Exec-managerial,White,Male,40,United-States,>50K
6781,36,Private,Some-college,Never-married,Other-service,White,Male,45,United-States,>50K
6782,26,Private,Some-college,Never-married,Machine-op-inspct,White,Male,40,United-States,<=50K
6783,21,Private,10th,Never-married,Handlers-cleaners,Other,Male,40,Dominican-Republic,>50K
6784,22,Private,HS-grad,Never-married,Adm-clerical,Black,Female,38,United-States,<=50K
6785,26,Private,Assoc-acdm,Married-civ-spouse,Sales,White,Male,40,United-States,>50K
6786,32,Private,Some-college,Never-married,Craft-repair,White,Male,45,United-States,<=50K
6787,36,Private,Bachelors,Married-civ-spouse,Sales,White,Male,40,United-States,>50K
6788,46,Private,HS-grad,Married-civ-spouse,Craft-repair,White,Male,40,United-States,>50K
6789,58,Private,9th,Married-civ-spouse,Handlers-cleaners,White,Male,40,United-States,>50K
6790,48,Private,HS-grad,Never-married,Machine-op-inspct,Black,Female,40,United-States,<=50K
6791,61,Local-gov,Bachelors,Married-civ-spouse,Prof-specialty,White,Male,42,United-States,<=50K
6792,46,Private,HS-grad,Divorced,Exec-managerial,White,Female,40,United-States,>50K
6793,28,Self-emp-not-inc,HS-grad,Married-civ-spouse,Craft-repair,White,Male,50,Hungary,<=50K
6794,22,Private,Assoc-voc,Never-married,Craft-repair,White,Male,44,United-States,>50K
6795,22,Private,Assoc-voc,Married-civ-spouse,Other-service,White,Male,44,United-States,<=50K
6796,50,Private,Some-college,Married-civ-spouse,Sales,Asian-Pac-Islander,Male,50,United-States,>50K
6797,41,Local-gov,Masters,Divorced,Prof-specialty,White,Male,40,United-States,>50K
6798,32,Private,Bachelors,Never-married,Adm-clerical,White,Male,40,United-States,<=50K
6799,73,Self-emp-not-inc,HS-grad,Married-civ-spouse,Farming-fishing,Asian-Pac-Islander,Male,40,Vietnam,>50K
6800,42,Self-emp-not-inc,HS-grad,Married-civ-spouse,Craft-repair,White,Male,35,United-States,>50K
6801,24,Private,Some-college,Never-married,Craft-repair,White,Male,40,United-States,>50K
6802,26,Private,HS-grad,Married-civ-spouse,Machine-op-inspct,White,Male,40,United-States,<=50K
6803,43,State-gov,HS-grad,Never-married,Transport-moving,White,Male,60,United-States,<=50K
6804,20,Private,Some-college,Never-married,Handlers-cleaners,White,Male,12,United-States,<=50K
6805,29,Private,HS-grad,Married-civ-spouse,Machine-op-inspct,Amer-Indian-Eskimo,Male,45,United-States,<=50K
6806,57,Private,Assoc-acdm,Divorced,Prof-specialty,Black,Female,40,United-States,>50K
6807,35,Self-emp-not-inc,11th,Divorced,Exec-managerial,White,Female,84,United-States,>50K
6808,33,Private,Some-college,Married-civ-spouse,Sales,White,Male,44,United-States,<=50K
6809,38,Private,Masters,Married-civ-spouse,Prof-specialty,Black,Male,40,United-States,<=50K
6810,30,Private,HS-grad,Never-married,Prof-specialty,White,Female,30,United-States,<=50K
6811,36,Private,HS-grad,Married-civ-spouse,Tech-support,White,Male,50,United-States,>50K
6812,64,Federal-gov,Assoc-acdm,Married-civ-spouse,Exec-managerial,White,Male,45,United-States,>50K
6813,52,Private,HS-grad,Married-civ-spouse,Machine-op-inspct,Asian-Pac-Islander,Female,40,China,<=50K
6814,40,Local-gov,HS-grad,Never-married,Craft-repair,Amer-Indian-Eskimo,Male,40,United-States,>50K
6815,61,Private,7th-8th,Never-married,Other-service,White,Male,48,United-States,>50K
6816,35,Private,HS-grad,Married-civ-spouse,Craft-repair,White,Male,55,United-States,<=50K
6817,38,Private,Some-college,Married-civ-spouse,Tech-support,White,Male,40,United-States,>50K
6818,63,Private,11th,Widowed,Sales,White,Female,30,United-States,<=50K
6819,21,Private,HS-grad,Never-married,Other-service,Black,Male,25,United-States,>50K
6820,22,Private,HS-grad,Never-married,Craft-repair,White,Male,40,United-States,<=50K
6821,44,Private,Bachelors,Married-civ-spouse,Transport-moving,White,Male,55,United-States,>50K
6822,23,Private,HS-grad,Never-married,Craft-repair,White,Male,40,United-States,<=50K
6823,37,Private,Assoc-voc,Married-civ-spouse,Craft-repair,White,Male,44,United-States,>50K
6824,21,Local-gov,Some-college,Never-married,Prof-specialty,White,Male,20,United-States,<=50K
6825,54,Local-gov,Bachelors,Married-civ-spouse,Exec-managerial,White,Male,40,United-States,>50K
6826,39,Self-emp-not-inc,HS-grad,Never-married,Craft-repair,Amer-Indian-Eskimo,Male,40,United-States,<=50K
6827,41,Private,5th-6th,Married-spouse-absent,Priv-house-serv,White,Female,32,Mexico,<=50K
6828,22,Private,HS-grad,Never-married,Adm-clerical,White,Female,40,United-States,>50K
6829,33,Local-gov,Assoc-voc,Married-civ-spouse,Tech-support,White,Male,50,United-States,>50K
6830,39,Local-gov,Masters,Married-civ-spouse,Exec-managerial,White,Male,45,United-States,<=50K
6831,58,Private,Bachelors,Never-married,Prof-specialty,White,Female,60,United-States,>50K
6832,46,Private,Masters,Married-civ-spouse,Exec-managerial,White,Male,65,United-States,<=50K
6833,43,State-gov,HS-grad,Married-civ-spouse,Other-service,Amer-Indian-Eskimo,Male,40,United-States,>50K
6834,37,Private,Some-college,Married-civ-spouse,Machine-op-inspct,White,Male,50,United-States,<=50K
6835,31,Private,Assoc-acdm,Divorced,Other-service,White,Female,32,United-States,>50K
6836,22,Private,Some-college,Never-married,Adm-clerical,White,Female,15,United-States,<=50K
6837,47,Private,Prof-school,Married-civ-spouse,Prof-specialty,White,Male,48,United-States,<=50K
6838,43,Private,HS-grad,Married-civ-spouse,Other-service,White,Male,40,United-States,<=50K
6839,45,Local-gov,Some-college,Married-civ-spouse,Protective-serv,White,Male,40,United-States,<=50K
6840,79,Self-emp-not-inc,Assoc-voc,Married-civ-spouse,Sales,White,Male,20,United-States,>50K
6841,41,Self-emp-not-inc,HS-grad,Married-civ-spouse,Machine-op-inspct,White,Male,25,United-States,<=50K
6842,22,Private,HS-grad,Never-married,Other-service,White,Female,40,United-States,<=50K
6843,37,Private,Assoc-voc,Married-civ-spouse,Craft-repair,White,Male,40,United-States,>50K
6844,64,Private,HS-grad,Married-civ-spouse,Exec-managerial,White,Male,20,United-States,>50K
6845,29,Private,Assoc-acdm,Married-civ-spouse,Sales,Other,Female,45,United-States,<=50K
6846,46,Private,Some-college,Married-civ-spouse,Exec-managerial,White,Male,40,United-States,<=50K
6847,39,Private,Some-college,Divorced,Other-service,White,Female,20,United-States,>50K
6848,24,Private,HS-grad,Never-married,Adm-clerical,White,Male,40,United-States,>50K
6849,25,Private,Some-college,Never-married,Adm-clerical,Other,Male,40,United-States,>50K
6850,21,Private,HS-grad,Never-married,Adm-clerical,White,Female,40,United-States,<=50K
6851,43,Private,Bachelors,Married-civ-spouse,Exec-managerial,Asian-Pac-Islander,Male,50,United-States,>50K
6852,50,Private,HS-grad,Married-civ-spouse,Transport-moving,White,Male,40,United-States,<=50K
6853,24,Self-emp-not-inc,Some-college,Never-married,Farming-fishing,White,Male,60,United-States,>50K
6854,24,Private,HS-grad,Married-civ-spouse,Craft-repair,White,Male,44,United-States,>50K
6855,32,Private,Assoc-acdm,Divorced,Adm-clerical,White,Female,40,United-States,<=50K
6856,54,Self-emp-not-inc,Some-college,Married-civ-spouse,Transport-moving,White,Male,30,United-States,>50K
6857,33,Private,11th,Never-married,Adm-clerical,Black,Female,38,United-States,<=50K
6858,49,Private,Some-college,Divorced,Handlers-cleaners,Black,Female,40,United-States,>50K
6859,26,State-gov,Bachelors,Never-married,Prof-specialty,Asian-Pac-Islander,Male,20,India,>50K
6860,38,Private,Bachelors,Never-married,Other-service,White,Female,35,United-States,>50K
6861,29,Private,HS-grad,Married-civ-spouse,Other-service,White,Female,40,United-States,>50K
6862,20,Local-gov,Some-college,Never-married,Protective-serv,White,Male,25,United-States,>50K
6863,21,Private,Some-college,Never-married,Handlers-cleaners,White,Male,25,United-States,<=50K
6864,44,Federal-gov,HS-grad,Divorced,Machine-op-inspct,White,Male,40,United-States,>50K
6865,73,Local-gov,5th-6th,Married-civ-spouse,Prof-specialty,White,Male,6,United-States,>50K
6866,36,Local-gov,HS-grad,Never-married,Adm-clerical,White,Male,40,United-States,<=50K
6867,37,Private,Masters,Married-civ-spouse,Exec-managerial,White,Male,40,United-States,>50K
6868,35,Private,Some-college,Divorced,Other-service,White,Female,40,United-States,<=50K
6869,41,Self-emp-not-inc,HS-grad,Divorced,Sales,White,Male,45,United-States,<=50K
6870,39,Private,Some-college,Married-civ-spouse,Prof-specialty,White,Male,50,United-States,>50K
6871,43,Self-emp-not-inc,Prof-school,Married-civ-spouse,Prof-specialty,White,Male,60,United-States,<=50K
6872,34,State-gov,Bachelors,Never-married,Prof-specialty,White,Male,45,United-States,<=50K
6873,25,Local-gov,HS-grad,Divorced,Tech-support,White,Female,40,United-States,>50K
6874,37,Self-emp-not-inc,Masters,Married-civ-spouse,Prof-specialty,White,Male,40,United-States,<=50K
6875,35,Private,HS-grad,Married-AF-spouse,Other-service,White,Female,40,United-States,<=50K
6876,40,Private,Assoc-voc,Married-civ-spouse,Prof-specialty,White,Male,40,United-States,<=50K
6877,51,State-gov,Masters,Never-married,Prof-specialty,White,Male,40,United-States,>50K
6878,45,Private,Some-college,Divorced,Tech-support,White,Female,45,United-States,>50K
6879,33,Self-emp-not-inc,Some-college,Never-married,Craft-repair,White,Male,48,United-States,<=50K
6880,39,Private,HS-grad,Married-civ-spouse,Handlers-cleaners,White,Male,40,United-States,>50K
6881,61,Private,Some-college,Married-civ-spouse,Adm-clerical,White,Male,40,United-States,<=50K
6882,47,Private,HS-grad,Never-married,Other-service,White,Female,40,United-States,<=50K
6883,28,Local-gov,HS-grad,Married-civ-spouse,Craft-repair,White,Male,45,United-States,>50K
6884,40,Private,HS-grad,Divorced,Handlers-cleaners,Black,Male,35,United-States,<=50K
6885,45,Private,Some-college,Married-civ-spouse,Other-service,White,Male,40,United-States,>50K
6886,37,Private,HS-grad,Separated,Prof-specialty,Amer-Indian-Eskimo,Female,40,United-States,>50K
6887,25,Private,Some-college,Never-married,Handlers-cleaners,White,Male,40,United-States,<=50K
6888,28,Private,HS-grad,Never-married,Exec-managerial,White,Female,45,United-States,>50K
6889,52,Local-gov,Some-college,Widowed,Adm-clerical,White,Female,24,United-States,<=50K
6890,30,Local-gov,Some-college,Never-married,Protective-serv,Black,Male,40,United-States,>50K
6891,46,Private,Some-college,Divorced,Exec-managerial,White,Male,40,United-States,>50K
6892,18,Private,HS-grad,Never-married,Priv-house-serv,White,Female,10,United-States,>50K
6893,32,Private,Some-college,Divorced,Exec-managerial,White,Female,30,United-States,<=50K
6894,42,State-gov,Masters,Married-civ-spouse,Prof-specialty,White,Male,50,United-States,>50K
6895,52,Private,Some-college,Married-civ-spouse,Exec-managerial,White,Male,55,United-States,<=50K
6896,28,Private,Some-college,Never-married,Adm-clerical,White,Female,40,United-States,>50K
6897,45,Private,Some-college,Married-civ-spouse,Transport-moving,White,Male,55,United-States,<=50K
6898,39,Self-emp-inc,Some-college,Divorced,Craft-repair,White,Male,99,United-States,<=50K
6899,48,Self-emp-not-inc,HS-grad,Divorced,Prof-specialty,White,Male,15,United-States,>50K
6900,44,Local-gov,Assoc-acdm,Married-civ-spouse,Prof-specialty,White,Male,48,United-States,<=50K
6901,20,Private,HS-grad,Never-married,Craft-repair,White,Female,40,United-States,>50K
6902,46,Federal-gov,Masters,Never-married,Prof-specialty,White,Female,40,United-States,>50K
6903,48,State-gov,Bachelors,Married-civ-spouse,Exec-managerial,Black,Male,40,United-States,>50K
6904,28,Private,HS-grad,Never-married,Exec-managerial,White,Female,40,United-States,>50K
6905,51,Private,Some-college,Divorced,Adm-clerical,White,Female,40,United-States,>50K
6906,22,Private,Some-college,Never-married,Adm-clerical,Black,Female,25,United-States,>50K
6907,36,Private,HS-grad,Divorced,Machine-op-inspct,White,Male,40,United-States,<=50K
6908,43,Private,HS-grad,Divorced,Adm-clerical,Black,Female,45,United-States,>50K
6909,51,Private,HS-grad,Married-civ-spouse,Machine-op-inspct,White,Male,40,United-States,>50K
6910,33,Private,Masters,Never-married,Adm-clerical,White,Male,40,United-States,<=50K
6911,41,Private,Some-college,Divorced,Adm-clerical,White,Female,38,United-States,<=50K
6912,43,Local-gov,Some-college,Divorced,Other-service,White,Female,20,United-States,<=50K
6913,37,Private,Some-college,Married-civ-spouse,Sales,White,Male,55,United-States,>50K
6914,40,Private,7th-8th,Separated,Other-service,White,Female,25,United-States,<=50K
6915,41,Private,HS-grad,Separated,Other-service,Black,Female,20,United-States,>50K
6916,32,Self-emp-not-inc,Prof-school,Married-civ-spouse,Prof-specialty,White,Male,45,United-States,>50K
6917,35,Private,Assoc-voc,Married-civ-spouse,Exec-managerial,White,Female,42,United-States,>50K
6918,20,State-gov,Some-college,Never-married,Adm-clerical,White,Male,40,United-States,>50K
6919,39,Private,Some-college,Divorced,Adm-clerical,White,Female,45,United-States,<=50K
6920,30,Private,Some-college,Married-civ-spouse,Craft-repair,White,Male,40,United-States,<=50K
6921,45,Private,Some-college,Married-civ-spouse,Prof-specialty,White,Male,50,United-States,>50K
6922,23,Private,Assoc-acdm,Never-married,Other-service,White,Male,25,Columbia,<=50K
6923,30,Private,Bachelors,Married-civ-spouse,Sales,White,Male,50,United-States,<=50K
6924,45,Private,9th,Married-civ-spouse,Handlers-cleaners,Asian-Pac-Islander,Male,40,India,<=50K
6925,37,Private,Some-college,Married-civ-spouse,Craft-repair,White,Male,40,United-States,<=50K
6926,36,Private,Bachelors,Married-civ-spouse,Exec-managerial,White,Male,50,United-States,>50K
6927,48,Private,HS-grad,Married-civ-spouse,Craft-repair,White,Male,55,United-States,>50K
6928,58,Private,Some-college,Never-married,Farming-fishing,White,Male,40,United-States,>50K
6929,33,Private,Bachelors,Separated,Sales,White,Female,50,United-States,<=50K
6930,20,Private,Some-college,Never-married,Sales,White,Male,25,United-States,<=50K
6931,49,Private,7th-8th,Married-civ-spouse,Machine-op-inspct,White,Male,40,United-States,<=50K
6932,38,Private,Assoc-voc,Divorced,Prof-specialty,White,Female,40,United-States,>50K
6933,27,State-gov,Assoc-acdm,Never-married,Adm-clerical,White,Female,40,Germany,>50K
6934,37,Private,HS-grad,Divorced,Other-service,White,Female,30,United-States,<=50K
6935,25,Private,Some-college,Married-civ-spouse,Adm-clerical,Black,Male,36,United-States,<=50K
6936,49,Private,HS-grad,Divorced,Other-service,White,Female,40,United-States,>50K
6937,48,Private,HS-grad,Married-civ-spouse,Machine-op-inspct,White,Male,40,United-States,<=50K
6938,44,Private,Assoc-voc,Separated,Craft-repair,White,Male,48,United-States,<=50K
6939,39,Private,HS-grad,Divorced,Transport-moving,White,Male,40,United-States,>50K
6940,24,Private,HS-grad,Married-civ-spouse,Machine-op-inspct,White,Male,40,United-States,>50K
6941,37,Private,Bachelors,Never-married,Adm-clerical,Black,Female,40,United-States,>50K
6942,37,Self-emp-not-inc,HS-grad,Married-civ-spouse,Farming-fishing,White,Male,50,United-States,<=50K
6943,28,Private,HS-grad,Married-civ-spouse,Machine-op-inspct,White,Male,40,United-States,<=50K
6944,55,Federal-gov,Masters,Married-civ-spouse,Exec-managerial,White,Male,60,United-States,>50K
6945,41,Private,Assoc-acdm,Divorced,Exec-managerial,Black,Female,40,Jamaica,>50K
6946,31,Private,HS-grad,Never-married,Sales,Black,Female,24,United-States,<=50K
6947,60,Private,HS-grad,Married-civ-spouse,Sales,White,Male,50,United-States,<=50K
6948,64,Self-emp-not-inc,Assoc-voc,Married-civ-spouse,Farming-fishing,White,Male,55,United-States,>50K
6949,40,Private,11th,Never-married,Other-service,White,Male,40,United-States,<=50K
6950,35,Private,HS-grad,Married-spouse-absent,Adm-clerical,Black,Female,40,United-States,>50K
6951,50,Self-emp-inc,Prof-school,Married-civ-spouse,Prof-specialty,White,Male,45,United-States,<=50K
6952,22,Private,Some-college,Never-married,Protective-serv,White,Male,20,United-States,<=50K
6953,33,Local-gov,HS-grad,Separated,Other-service,White,Female,80,United-States,>50K
6954,90,Private,Masters,Married-civ-spouse,Prof-specialty,White,Female,40,United-States,>50K
6955,39,Private,HS-grad,Widowed,Adm-clerical,White,Female,40,United-States,<=50K
6956,57,Self-emp-not-inc,Some-college,Separated,Sales,White,Male,35,United-States,>50K
6957,18,Private,Some-college,Never-married,Other-service,White,Male,40,United-States,>50K
6958,34,Private,Bachelors,Married-civ-spouse,Prof-specialty,White,Male,40,United-States,>50K
6959,50,Private,5th-6th,Married-civ-spouse,Handlers-cleaners,White,Male,40,Mexico,>50K
6960,37,Private,HS-grad,Divorced,Craft-repair,White,Male,40,United-States,<=50K
6961,25,Private,Bachelors,Divorced,Craft-repair,White,Male,40,United-States,<=50K
6962,31,Private,HS-grad,Never-married,Farming-fishing,White,Male,45,United-States,<=50K
6963,20,Private,Some-college,Never-married,Handlers-cleaners,White,Male,20,United-States,>50K
6964,53,Private,Bachelors,Never-married,Exec-managerial,White,Female,40,United-States,<=50K
6965,56,Self-emp-not-inc,Prof-school,Married-civ-spouse,Prof-specialty,White,Male,50,United-States,<=50K
6966,37,Private,Some-college,Divorced,Sales,Black,Male,40,United-States,>50K
6967,41,Private,Bachelors,Married-civ-spouse,Craft-repair,White,Male,40,United-States,<=50K
6968,52,Private,HS-grad,Married-civ-spouse,Craft-repair,White,Male,40,United-States,<=50K
6969,22,Private,Some-college,Never-married,Sales,White,Male,24,United-States,<=50K
6970,29,Private,HS-grad,Married-civ-spouse,Farming-fishing,Black,Male,40,United-States,>50K
6971,52,Local-gov,Assoc-acdm,Divorced,Other-service,White,Female,30,United-States,<=50K
6972,42,Private,Bachelors,Married-civ-spouse,Prof-specialty,White,Male,40,United-States,>50K
6973,26,Self-emp-not-inc,Bachelors,Divorced,Sales,White,Male,40,United-States,>50K
6974,29,Private,Some-college,Never-married,Craft-repair,White,Male,40,United-States,<=50K
6975,42,Private,7th-8th,Never-married,Handlers-cleaners,Black,Male,40,United-States,<=50K
6976,59,Local-gov,Bachelors,Married-civ-spouse,Protective-serv,Black,Male,30,United-States,<=50K
6977,17,Private,11th,Never-married,Handlers-cleaners,White,Male,16,United-States,<=50K
6978,33,Private,Some-college,Never-married,Other-service,White,Male,32,United-States,<=50K
6979,46,Private,Some-college,Divorced,Sales,White,Female,40,United-States,<=50K
6980,53,Local-gov,HS-grad,Married-civ-spouse,Other-service,Black,Male,40,United-States,<=50K
6981,27,Private,Some-college,Married-civ-spouse,Other-service,White,Male,40,United-States,<=50K
6982,28,Private,Bachelors,Never-married,Exec-managerial,White,Male,40,United-States,<=50K
6983,29,Private,HS-grad,Never-married,Other-service,White,Female,40,United-States,<=50K
6984,55,Local-gov,Bachelors,Widowed,Prof-specialty,White,Female,40,United-States,<=50K
6985,46,Self-emp-not-inc,Prof-school,Married-civ-spouse,Prof-specialty,White,Male,45,United-States,>50K
6986,32,Private,10th,Separated,Craft-repair,White,Female,40,United-States,>50K
6987,20,State-gov,Some-college,Never-married,Handlers-cleaners,White,Male,15,United-States,>50K
6988,43,Local-gov,Masters,Married-civ-spouse,Prof-specialty,Black,Female,35,United-States,>50K
6989,28,Private,Bachelors,Never-married,Sales,White,Male,40,United-States,<=50K
6990,66,Self-emp-not-inc,Bachelors,Married-civ-spouse,Sales,White,Male,50,United-States,>50K
6991,31,Private,Some-college,Married-civ-spouse,Craft-repair,White,Male,40,United-States,<=50K
6992,59,Self-emp-not-inc,HS-grad,Married-civ-spouse,Exec-managerial,White,Male,50,United-States,>50K
6993,42,Private,Masters,Divorced,Tech-support,Black,Female,35,United-States,<=50K
6994,25,Private,Assoc-acdm,Never-married,Machine-op-inspct,Black,Male,48,United-States,<=50K
6995,47,Local-gov,Bachelors,Divorced,Prof-specialty,White,Male,50,United-States,>50K
6996,37,Private,HS-grad,Separated,Craft-repair,Black,Male,40,United-States,>50K
6997,41,Self-emp-not-inc,Assoc-voc,Married-civ-spouse,Farming-fishing,White,Male,60,United-States,<=50K
6998,31,Private,Masters,Married-civ-spouse,Exec-managerial,White,Male,60,France,>50K
6999,34,Private,Bachelors,Married-civ-spouse,Exec-managerial,White,Male,55,United-States,>50K
